filename,title,genre,year_finished,raw_text,formatted_sentences,tokens,lemmas_separated,lemmas_cleaned,lemmas_pos_tagged
5553.txt,ЯЛТА — НОВОРОССИЙСК,poetry,1925,"Пустяшный факт — / а вот пожалте!
И месяцы / даже / его не истопали.
С вечера / в Ялте / ждал «Севастополя».
Я пиво пил, / изучал расписание,
охаживал мол, / залив огибающий,
углублялся / в круги / для спасания / погибающих.
Всю ночь прождали. / Солнце взвалив,
крымское / утро / разинулось в зное.
И вот / «Севастополь» / вылез в залив,
спокойный, / как заливное.
Он шел, / как собака / к дичи подходит;
вползал, / как ревматик / вползает на койку.
Как будто / издевается пароходик,
на нас / из залива / делая стойку.
Пока / прикрутили / канатом бока,
машина / маслом / плевалась мило.
Потом / лебедкой / спускали быка —
ревел, / возможно / его прищемило.
Сошел капитан. / Продувная бестия!
Смотрел / на всё / невинней овцы.
Я тыкал / мандат, / прикрывая / «Известия»
и упирая / на то, что «ВЦИК».
Его / не проведешь на мандате —
бывали / всякие / за несколько лет!
— Идите / направо, / червонец дайте,
а вам / из кассы / дадут билет. —
У самого лег / у котла / на наре.
Варили / когда-нибудь / вас / в самоваре?
А если нет, / то с подобным неучем
нам / и разговаривать не о чем.
Покойнице / бабушке б / ехать в Батум —
она — так да — / недурно поспала бы.
В поту / бегу / на ветер палубы.
Валялась / без всяких классов,
горою / мяса,
костей / и жира,
разваренная масса
пассажиров.
А между ними / две, / в моционе,
оживленнейшие дамочки.
Образец — / дореволюционный!
Ямки и щечки, / щечки и ямочки.
Спросил капитана: / — Скажите, как звать их?
Вот эти вот / две / моркови? —
— Левкович, / которая порозоватей,
а беленькая — / Беркович.
Одна говорила: / — Ну и насели!
И чистая / публика / не выделена!
Когда / на «Дофине» сидела / в Марселе —
французы сплошь! / Удивительно! —
Сидел / на борту / матрос лохматина,
трубе / корабельной / под рост.
Услышал, / обдумал, / ругнулся матерно
и так / сказал / матрос:
— Флотишко / белые сперли / до тла!
Угнали. / У нас — / ни кляпа?!
Для нашей / галоши / дыры котла
сам / собственноручно клепал.
Плывет плоховато — / комода вроде.
На этих / дыни возили раньше нам.
Два лета / работал я / в Райкомводе.
В Одессе / стоит иностранщина.
Не пароходы, / а бламанже!
У нас / в кочегарках / от копоти залежь,
а там / работай / хоть в паре манжет —
старайся, / и то не засалишь.
Конечно, / помягше / для нежных задов,
но вот что, / мои мамаши:
здесь тише, / здесь тверже, / здесь хуже — / зато
н-а-ш-е!
Эх, / только были бы тут рубли —
Европа / скупая гадина, —
уж мы б / понастроили б нам корабли
— громадина!
Чтоб мачта / спичкой казалась / с воды,
а с мачты — / море в овчину.
Тады
катай / хоть на даровщину! —
Не знаю, / сколько это узлов
плелись, / не быстрей комода.
И в Черное море / плюнул зло
моряк / из Райкомвода.","['Пустяшный факт — / а вот пожалте!', '/ И месяцы / даже / его не истопали.', '/ С вечера / в Ялте / ждал «Севастополя».', '/ Я пиво пил, / изучал расписание, / охаживал мол, / залив огибающий, / углублялся / в круги / для спасания / погибающих.', '/ Всю ночь прождали.', '/ Солнце взвалив, / крымское / утро / разинулось в зное.', '/ И вот / «Севастополь» / вылез в залив, / спокойный, / как заливное.', '/ Он шел, / как собака / к дичи подходит;', '/ вползал, / как ревматик / вползает на койку.', '/ Как будто / издевается пароходик, / на нас / из залива / делая стойку.', '/ Пока / прикрутили / канатом бока, / машина / маслом / плевалась мило.', '/ Потом / лебедкой / спускали быка — / ревел, / возможно / его прищемило.', '/ Сошел капитан.', '/ Продувная бестия!', '/ Смотрел / на всё / невинней овцы.', '/ Я тыкал / мандат, / прикрывая / «Известия» / и упирая / на то, что «ВЦИК».', '/ Его / не проведешь на мандате — / бывали / всякие / за несколько лет!', '/ — Идите / направо, / червонец дайте, / а вам / из кассы / дадут билет.', '— / У самого лег / у котла / на наре.', '/ Варили / когда-нибудь / вас / в самоваре?', '/ А если нет, / то с подобным неучем / нам / и разговаривать не о чем.', '/ Покойнице / бабушке б / ехать в Батум — / она — так да — / недурно поспала бы.', '/ В поту / бегу / на ветер палубы.', '/ Валялась / без всяких классов, / горою / мяса, / костей / и жира, / разваренная масса / пассажиров.', '/ А между ними / две, / в моционе, / оживленнейшие дамочки.', '/ Образец — / дореволюционный!', '/ Ямки и щечки, / щечки и ямочки.', '/ Спросил капитана: / — Скажите, как звать их?', '/ Вот эти вот / две / моркови?', '— / — Левкович, / которая порозоватей, / а беленькая — / Беркович.', '/ Одна говорила: / — Ну и насели!', '/ И чистая / публика / не выделена!', '/ Когда / на «Дофине» сидела / в Марселе — / французы сплошь!', '/ Удивительно!', '— / Сидел / на борту / матрос лохматина, / трубе / корабельной / под рост.', '/ Услышал, / обдумал, / ругнулся матерно / и так / сказал / матрос: / — Флотишко / белые сперли / до тла!', '/ Угнали.', '/ У нас — / ни кляпа?!', '/ Для нашей / галоши / дыры котла / сам / собственноручно клепал.', '/ Плывет плоховато — / комода вроде.', '/ На этих / дыни возили раньше нам.', '/ Два лета / работал я / в Райкомводе.', '/ В Одессе / стоит иностранщина.', '/ Не пароходы, / а бламанже!', '/ У нас / в кочегарках / от копоти залежь, / а там / работай / хоть в паре манжет — / старайся, / и то не засалишь.', '/ Конечно, / помягше / для нежных задов, / но вот что, / мои мамаши: / здесь тише, / здесь тверже, / здесь хуже — / зато / н-а-ш-е!', '/ Эх, / только были бы тут рубли — / Европа / скупая гадина, — / уж мы б / понастроили б нам корабли / — громадина!', '/ Чтоб мачта / спичкой казалась / с воды, / а с мачты — / море в овчину.', '/ Тады / катай / хоть на даровщину!', '— / Не знаю, / сколько это узлов / плелись, / не быстрей комода.', '/ И в Черное море / плюнул зло / моряк / из Райкомвода.']","[['Пустяшный', 'факт', '—', '/', 'а', 'вот', 'пожалте', '!'], ['/', 'И', 'месяцы', '/', 'даже', '/', 'его', 'не', 'истопали', '.'], ['/', 'С', 'вечера', '/', 'в', 'Ялте', '/', 'ждал', '«', 'Севастополя', '»', '.'], ['/', 'Я', 'пиво', 'пил', ',', '/', 'изучал', 'расписание', ',', '/', 'охаживал', 'мол', ',', '/', 'залив', 'огибающий', ',', '/', 'углублялся', '/', 'в', 'круги', '/', 'для', 'спасания', '/', 'погибающих', '.'], ['/', 'Всю', 'ночь', 'прождали', '.'], ['/', 'Солнце', 'взвалив', ',', '/', 'крымское', '/', 'утро', '/', 'разинулось', 'в', 'зное', '.'], ['/', 'И', 'вот', '/', '«', 'Севастополь', '»', '/', 'вылез', 'в', 'залив', ',', '/', 'спокойный', ',', '/', 'как', 'заливное', '.'], ['/', 'Он', 'шел', ',', '/', 'как', 'собака', '/', 'к', 'дичи', 'подходит', ';'], ['/', 'вползал', ',', '/', 'как', 'ревматик', '/', 'вползает', 'на', 'койку', '.'], ['/', 'Как', 'будто', '/', 'издевается', 'пароходик', ',', '/', 'на', 'нас', '/', 'из', 'залива', '/', 'делая', 'стойку', '.'], ['/', 'Пока', '/', 'прикрутили', '/', 'канатом', 'бока', ',', '/', 'машина', '/', 'маслом', '/', 'плевалась', 'мило', '.'], ['/', 'Потом', '/', 'лебедкой', '/', 'спускали', 'быка', '—', '/', 'ревел', ',', '/', 'возможно', '/', 'его', 'прищемило', '.'], ['/', 'Сошел', 'капитан', '.'], ['/', 'Продувная', 'бестия', '!'], ['/', 'Смотрел', '/', 'на', 'всё', '/', 'невинней', 'овцы', '.'], ['/', 'Я', 'тыкал', '/', 'мандат', ',', '/', 'прикрывая', '/', '«', 'Известия', '»', '/', 'и', 'упирая', '/', 'на', 'то', ',', 'что', '«', 'ВЦИК', '»', '.'], ['/', 'Его', '/', 'не', 'проведешь', 'на', 'мандате', '—', '/', 'бывали', '/', 'всякие', '/', 'за', 'несколько', 'лет', '!'], ['/', '—', 'Идите', '/', 'направо', ',', '/', 'червонец', 'дайте', ',', '/', 'а', 'вам', '/', 'из', 'кассы', '/', 'дадут', 'билет', '.'], ['—', '/', 'У', 'самого', 'лег', '/', 'у', 'котла', '/', 'на', 'наре', '.'], ['/', 'Варили', '/', 'когда-нибудь', '/', 'вас', '/', 'в', 'самоваре', '?'], ['/', 'А', 'если', 'нет', ',', '/', 'то', 'с', 'подобным', 'неучем', '/', 'нам', '/', 'и', 'разговаривать', 'не', 'о', 'чем', '.'], ['/', 'Покойнице', '/', 'бабушке', 'б', '/', 'ехать', 'в', 'Батум', '—', '/', 'она', '—', 'так', 'да', '—', '/', 'недурно', 'поспала', 'бы', '.'], ['/', 'В', 'поту', '/', 'бегу', '/', 'на', 'ветер', 'палубы', '.'], ['/', 'Валялась', '/', 'без', 'всяких', 'классов', ',', '/', 'горою', '/', 'мяса', ',', '/', 'костей', '/', 'и', 'жира', ',', '/', 'разваренная', 'масса', '/', 'пассажиров', '.'], ['/', 'А', 'между', 'ними', '/', 'две', ',', '/', 'в', 'моционе', ',', '/', 'оживленнейшие', 'дамочки', '.'], ['/', 'Образец', '—', '/', 'дореволюционный', '!'], ['/', 'Ямки', 'и', 'щечки', ',', '/', 'щечки', 'и', 'ямочки', '.'], ['/', 'Спросил', 'капитана', ':', '/', '—', 'Скажите', ',', 'как', 'звать', 'их', '?'], ['/', 'Вот', 'эти', 'вот', '/', 'две', '/', 'моркови', '?'], ['—', '/', '—', 'Левкович', ',', '/', 'которая', 'порозоватей', ',', '/', 'а', 'беленькая', '—', '/', 'Беркович', '.'], ['/', 'Одна', 'говорила', ':', '/', '—', 'Ну', 'и', 'насели', '!'], ['/', 'И', 'чистая', '/', 'публика', '/', 'не', 'выделена', '!'], ['/', 'Когда', '/', 'на', '«', 'Дофине', '»', 'сидела', '/', 'в', 'Марселе', '—', '/', 'французы', 'сплошь', '!'], ['/', 'Удивительно', '!'], ['—', '/', 'Сидел', '/', 'на', 'борту', '/', 'матрос', 'лохматина', ',', '/', 'трубе', '/', 'корабельной', '/', 'под', 'рост', '.'], ['/', 'Услышал', ',', '/', 'обдумал', ',', '/', 'ругнулся', 'матерно', '/', 'и', 'так', '/', 'сказал', '/', 'матрос', ':', '/', '—', 'Флотишко', '/', 'белые', 'сперли', '/', 'до', 'тла', '!'], ['/', 'Угнали', '.'], ['/', 'У', 'нас', '—', '/', 'ни', 'кляпа', '?!'], ['/', 'Для', 'нашей', '/', 'галоши', '/', 'дыры', 'котла', '/', 'сам', '/', 'собственноручно', 'клепал', '.'], ['/', 'Плывет', 'плоховато', '—', '/', 'комода', 'вроде', '.'], ['/', 'На', 'этих', '/', 'дыни', 'возили', 'раньше', 'нам', '.'], ['/', 'Два', 'лета', '/', 'работал', 'я', '/', 'в', 'Райкомводе', '.'], ['/', 'В', 'Одессе', '/', 'стоит', 'иностранщина', '.'], ['/', 'Не', 'пароходы', ',', '/', 'а', 'бламанже', '!'], ['/', 'У', 'нас', '/', 'в', 'кочегарках', '/', 'от', 'копоти', 'залежь', ',', '/', 'а', 'там', '/', 'работай', '/', 'хоть', 'в', 'паре', 'манжет', '—', '/', 'старайся', ',', '/', 'и', 'то', 'не', 'засалишь', '.'], ['/', 'Конечно', ',', '/', 'помягше', '/', 'для', 'нежных', 'задов', ',', '/', 'но', 'вот', 'что', ',', '/', 'мои', 'мамаши', ':', '/', 'здесь', 'тише', ',', '/', 'здесь', 'тверже', ',', '/', 'здесь', 'хуже', '—', '/', 'зато', '/', 'наше', '!'], ['/', 'Эх', ',', '/', 'только', 'были', 'бы', 'тут', 'рубли', '—', '/', 'Европа', '/', 'скупая', 'гадина', ',', '—', '/', 'уж', 'мы', 'б', '/', 'понастроили', 'б', 'нам', 'корабли', '/', '—', 'громадина', '!'], ['/', 'Чтоб', 'мачта', '/', 'спичкой', 'казалась', '/', 'с', 'воды', ',', '/', 'а', 'с', 'мачты', '—', '/', 'море', 'в', 'овчину', '.'], ['/', 'Тады', '/', 'катай', '/', 'хоть', 'на', 'даровщину', '!'], ['—', '/', 'Не', 'знаю', ',', '/', 'сколько', 'это', 'узлов', '/', 'плелись', ',', '/', 'не', 'быстрей', 'комода', '.'], ['/', 'И', 'в', 'Черное', 'море', '/', 'плюнул', 'зло', '/', 'моряк', '/', 'из', 'Райкомвода', '.']]","[['пустяшный', 'факт', '_BRK_', 'а', 'вот', 'пожаловать'], ['_BRK_', 'и', 'месяц', '_BRK_', 'даже', '_BRK_', 'он', 'не', 'истопать'], ['_BRK_', 'с', 'вечер', '_BRK_', 'в', 'ялта', '_BRK_', 'ждать', 'севастополь'], ['_BRK_', 'я', 'пиво', 'пить', '_BRK_', 'изучать', 'расписание', '_BRK_', 'охаживать', 'мол', '_BRK_', 'залив', 'огибать', '_BRK_', 'углубляться', '_BRK_', 'в', 'круг', '_BRK_', 'для', 'спасание', '_BRK_', 'погибать'], ['_BRK_', 'весь', 'ночь', 'прождать'], ['_BRK_', 'солнце', 'взваливать', '_BRK_', 'крымский', '_BRK_', 'утро', '_BRK_', 'разинуться', 'в', 'зной'], ['_BRK_', 'и', 'вот', '_BRK_', 'севастополь', '_BRK_', 'вылезать', 'в', 'залив', '_BRK_', 'спокойный', '_BRK_', 'как', 'заливное'], ['_BRK_', 'он', 'идти', '_BRK_', 'как', 'собака', '_BRK_', 'к', 'дичь', 'подходить'], ['_BRK_', 'вползать', '_BRK_', 'как', 'ревматик', '_BRK_', 'вползать', 'на', 'койка'], ['_BRK_', 'как', 'будто', '_BRK_', 'издеваться', 'пароходик', '_BRK_', 'на', 'мы', '_BRK_', 'из', 'залив', '_BRK_', 'делать', 'стойка'], ['_BRK_', 'пока', '_BRK_', 'прикручивать', '_BRK_', 'канат', 'бок', '_BRK_', 'машина', '_BRK_', 'масло', '_BRK_', 'плеваться', 'мило'], ['_BRK_', 'потом', '_BRK_', 'лебедка', '_BRK_', 'спускать', 'бык', '_BRK_', 'реветь', '_BRK_', 'возможно', '_BRK_', 'он', 'прищемлять'], ['_BRK_', 'сходить', 'капитан'], ['_BRK_', 'продувной', 'бестия'], ['_BRK_', 'смотреть', '_BRK_', 'на', 'все', '_BRK_', 'невинный', 'овца'], ['_BRK_', 'я', 'тыкать', '_BRK_', 'мандат', '_BRK_', 'прикрывать', '_BRK_', 'известие', '_BRK_', 'и', 'упирать', '_BRK_', 'на', 'то', 'что', 'вцик'], ['_BRK_', 'он', '_BRK_', 'не', 'проводить', 'на', 'мандат', '_BRK_', 'бывать', '_BRK_', 'всякий', '_BRK_', 'за', 'несколько', 'год'], ['_BRK_', 'идти', '_BRK_', 'направо', '_BRK_', 'червонец', 'давать', '_BRK_', 'а', 'вы', '_BRK_', 'из', 'касса', '_BRK_', 'давать', 'билет'], ['_BRK_', 'у', 'самый', 'ложиться', '_BRK_', 'у', 'котел', '_BRK_', 'на', 'нара'], ['_BRK_', 'варить', '_BRK_', 'когда-нибудь', '_BRK_', 'вы', '_BRK_', 'в', 'самовар'], ['_BRK_', 'а', 'если', 'нет', '_BRK_', 'то', 'с', 'подобный', 'неуч', '_BRK_', 'мы', '_BRK_', 'и', 'разговаривать', 'не', 'о', 'что'], ['_BRK_', 'покойница', '_BRK_', 'бабушка', 'б', '_BRK_', 'ехать', 'в', 'батум', '_BRK_', 'она', 'так', 'да', '_BRK_', 'недурно', 'поспать', 'бы'], ['_BRK_', 'в', 'пот', '_BRK_', 'бежать', '_BRK_', 'на', 'ветер', 'палуба'], ['_BRK_', 'валяться', '_BRK_', 'без', 'всякий', 'класс', '_BRK_', 'гора', '_BRK_', 'мясо', '_BRK_', 'кость', '_BRK_', 'и', 'жир', '_BRK_', 'разваривать', 'масса', '_BRK_', 'пассажир'], ['_BRK_', 'а', 'между', 'они', '_BRK_', 'два', '_BRK_', 'в', 'моцион', '_BRK_', 'оживленный', 'дамочка'], ['_BRK_', 'образец', '_BRK_', 'дореволюционный'], ['_BRK_', 'ямка', 'и', 'щечка', '_BRK_', 'щечка', 'и', 'ямочка'], ['_BRK_', 'спрашивать', 'капитан', '_BRK_', 'сказать', 'как', 'звать', 'они'], ['_BRK_', 'вот', 'этот', 'вот', '_BRK_', 'два', '_BRK_', 'морковь'], ['_BRK_', 'левкович', '_BRK_', 'который', 'розоватый', '_BRK_', 'а', 'беленький', '_BRK_', 'беркович'], ['_BRK_', 'один', 'говорить', '_BRK_', 'ну', 'и', 'наседать'], ['_BRK_', 'и', 'чистый', '_BRK_', 'публика', '_BRK_', 'не', 'выделять'], ['_BRK_', 'когда', '_BRK_', 'на', 'дофине', 'сидеть', '_BRK_', 'в', 'марсель', '_BRK_', 'француз', 'сплошь'], ['_BRK_', 'удивительно'], ['_BRK_', 'сидеть', '_BRK_', 'на', 'борт', '_BRK_', 'матрос', 'лохматин', '_BRK_', 'труба', '_BRK_', 'корабельный', '_BRK_', 'под', 'рост'], ['_BRK_', 'услышать', '_BRK_', 'обдумывать', '_BRK_', 'ругнуться', 'матерный', '_BRK_', 'и', 'так', '_BRK_', 'сказать', '_BRK_', 'матрос', '_BRK_', 'флотишко', '_BRK_', 'белый', 'спирать', '_BRK_', 'до', 'тла'], ['_BRK_', 'угнать'], ['_BRK_', 'у', 'мы', '_BRK_', 'ни', 'кляп'], ['_BRK_', 'для', 'наш', '_BRK_', 'галоша', '_BRK_', 'дыра', 'котел', '_BRK_', 'сам', '_BRK_', 'собственноручно', 'клепало'], ['_BRK_', 'плыть', 'плоховато', '_BRK_', 'комод', 'вроде'], ['_BRK_', 'на', 'этот', '_BRK_', 'дыня', 'возить', 'рано', 'мы'], ['_BRK_', 'два', 'год', '_BRK_', 'работать', 'я', '_BRK_', 'в', 'райкомвод'], ['_BRK_', 'в', 'одесса', '_BRK_', 'стоять', 'иностранщина'], ['_BRK_', 'не', 'пароход', '_BRK_', 'а', 'бламанже'], ['_BRK_', 'у', 'мы', '_BRK_', 'в', 'кочегарка', '_BRK_', 'от', 'копоть', 'залежь', '_BRK_', 'а', 'там', '_BRK_', 'работать', '_BRK_', 'хоть', 'в', 'пара', 'манжета', '_BRK_', 'стараться', '_BRK_', 'и', 'то', 'не', 'засаливать'], ['_BRK_', 'конечно', '_BRK_', 'помягше', '_BRK_', 'для', 'нежный', 'зады', '_BRK_', 'но', 'вот', 'что', '_BRK_', 'мой', 'мамаша', '_BRK_', 'здесь', 'тихо', '_BRK_', 'здесь', 'твердо', '_BRK_', 'здесь', 'плохо', '_BRK_', 'зато', '_BRK_', 'наш'], ['_BRK_', 'эх', '_BRK_', 'только', 'быть', 'бы', 'тут', 'рубль', '_BRK_', 'европа', '_BRK_', 'скупой', 'гадина', '_BRK_', 'уж', 'мы', 'б', '_BRK_', 'понастроить', 'б', 'мы', 'корабль', '_BRK_', 'громадина'], ['_BRK_', 'чтоб', 'мачта', '_BRK_', 'спичка', 'казаться', '_BRK_', 'с', 'вода', '_BRK_', 'а', 'с', 'мачта', '_BRK_', 'море', 'в', 'овчина'], ['_BRK_', 'тада', '_BRK_', 'катать', '_BRK_', 'хоть', 'на', 'даровщина'], ['_BRK_', 'не', 'знать', '_BRK_', 'сколько', 'это', 'узел', '_BRK_', 'плестись', '_BRK_', 'не', 'быстро', 'комод'], ['_BRK_', 'и', 'в', 'черный', 'море', '_BRK_', 'плюнуть', 'зло', '_BRK_', 'моряк', '_BRK_', 'из', 'райкомвод']]","[['пустяшный', 'факт', 'а', 'вот', 'пожаловать'], ['и', 'месяц', 'даже', 'он', 'не', 'истопать'], ['с', 'вечер', 'в', 'ялта', 'ждать', 'севастополь'], ['я', 'пиво', 'пить', 'изучать', 'расписание', 'охаживать', 'мол', 'залив', 'огибать', 'углубляться', 'в', 'круг', 'для', 'спасание', 'погибать'], ['весь', 'ночь', 'прождать'], ['солнце', 'взваливать', 'крымский', 'утро', 'разинуться', 'в', 'зной'], ['и', 'вот', 'севастополь', 'вылезать', 'в', 'залив', 'спокойный', 'как', 'заливное'], ['он', 'идти', 'как', 'собака', 'к', 'дичь', 'подходить'], ['вползать', 'как', 'ревматик', 'вползать', 'на', 'койка'], ['как', 'будто', 'издеваться', 'пароходик', 'на', 'мы', 'из', 'залив', 'делать', 'стойка'], ['пока', 'прикручивать', 'канат', 'бок', 'машина', 'масло', 'плеваться', 'мило'], ['потом', 'лебедка', 'спускать', 'бык', 'реветь', 'возможно', 'он', 'прищемлять'], ['сходить', 'капитан'], ['продувной', 'бестия'], ['смотреть', 'на', 'все', 'невинный', 'овца'], ['я', 'тыкать', 'мандат', 'прикрывать', 'известие', 'и', 'упирать', 'на', 'то', 'что', 'вцик'], ['он', 'не', 'проводить', 'на', 'мандат', 'бывать', 'всякий', 'за', 'несколько', 'год'], ['идти', 'направо', 'червонец', 'давать', 'а', 'вы', 'из', 'касса', 'давать', 'билет'], ['у', 'самый', 'ложиться', 'у', 'котел', 'на', 'нара'], ['варить', 'когда-нибудь', 'вы', 'в', 'самовар'], ['а', 'если', 'нет', 'то', 'с', 'подобный', 'неуч', 'мы', 'и', 'разговаривать', 'не', 'о', 'что'], ['покойница', 'бабушка', 'б', 'ехать', 'в', 'батум', 'она', 'так', 'да', 'недурно', 'поспать', 'бы'], ['в', 'пот', 'бежать', 'на', 'ветер', 'палуба'], ['валяться', 'без', 'всякий', 'класс', 'гора', 'мясо', 'кость', 'и', 'жир', 'разваривать', 'масса', 'пассажир'], ['а', 'между', 'они', 'два', 'в', 'моцион', 'оживленный', 'дамочка'], ['образец', 'дореволюционный'], ['ямка', 'и', 'щечка', 'щечка', 'и', 'ямочка'], ['спрашивать', 'капитан', 'сказать', 'как', 'звать', 'они'], ['вот', 'этот', 'вот', 'два', 'морковь'], ['левкович', 'который', 'розоватый', 'а', 'беленький', 'беркович'], ['один', 'говорить', 'ну', 'и', 'наседать'], ['и', 'чистый', 'публика', 'не', 'выделять'], ['когда', 'на', 'дофине', 'сидеть', 'в', 'марсель', 'француз', 'сплошь'], ['удивительно'], ['сидеть', 'на', 'борт', 'матрос', 'лохматин', 'труба', 'корабельный', 'под', 'рост'], ['услышать', 'обдумывать', 'ругнуться', 'матерный', 'и', 'так', 'сказать', 'матрос', 'флотишко', 'белый', 'спирать', 'до', 'тла'], ['угнать'], ['у', 'мы', 'ни', 'кляп'], ['для', 'наш', 'галоша', 'дыра', 'котел', 'сам', 'собственноручно', 'клепало'], ['плыть', 'плоховато', 'комод', 'вроде'], ['на', 'этот', 'дыня', 'возить', 'рано', 'мы'], ['два', 'год', 'работать', 'я', 'в', 'райкомвод'], ['в', 'одесса', 'стоять', 'иностранщина'], ['не', 'пароход', 'а', 'бламанже'], ['у', 'мы', 'в', 'кочегарка', 'от', 'копоть', 'залежь', 'а', 'там', 'работать', 'хоть', 'в', 'пара', 'манжета', 'стараться', 'и', 'то', 'не', 'засаливать'], ['конечно', 'помягше', 'для', 'нежный', 'зады', 'но', 'вот', 'что', 'мой', 'мамаша', 'здесь', 'тихо', 'здесь', 'твердо', 'здесь', 'плохо', 'зато', 'наш'], ['эх', 'только', 'быть', 'бы', 'тут', 'рубль', 'европа', 'скупой', 'гадина', 'уж', 'мы', 'б', 'понастроить', 'б', 'мы', 'корабль', 'громадина'], ['чтоб', 'мачта', 'спичка', 'казаться', 'с', 'вода', 'а', 'с', 'мачта', 'море', 'в', 'овчина'], ['тада', 'катать', 'хоть', 'на', 'даровщина'], ['не', 'знать', 'сколько', 'это', 'узел', 'плестись', 'не', 'быстро', 'комод'], ['и', 'в', 'черный', 'море', 'плюнуть', 'зло', 'моряк', 'из', 'райкомвод']]","[['пустяшный/A', 'факт/S', 'а/CONJ', 'вот/PART', 'пожаловать/V'], ['и/CONJ', 'месяц/S', 'даже/PART', 'он/SPRO', 'не/PART', 'истопать/V'], ['с/PR', 'вечер/S', 'в/PR', 'ялта/S', 'ждать/V', 'севастополь/S'], ['я/SPRO', 'пиво/S', 'пить/V', 'изучать/V', 'расписание/S', 'охаживать/V', 'мол/PART', 'залив/S', 'огибать/V', 'углубляться/V', 'в/PR', 'круг/S', 'для/PR', 'спасание/S', 'погибать/V'], ['весь/APRO', 'ночь/S', 'прождать/V'], ['солнце/S', 'взваливать/V', 'крымский/A', 'утро/S', 'разинуться/V', 'в/PR', 'зной/S'], ['и/CONJ', 'вот/PART', 'севастополь/S', 'вылезать/V', 'в/PR', 'залив/S', 'спокойный/A', 'как/CONJ', 'заливное/S'], ['он/SPRO', 'идти/V', 'как/CONJ', 'собака/S', 'к/PR', 'дичь/S', 'подходить/V'], ['вползать/V', 'как/CONJ', 'ревматик/S', 'вползать/V', 'на/PR', 'койка/S'], ['как/ADVPRO', 'будто/PART', 'издеваться/V', 'пароходик/S', 'на/PR', 'мы/SPRO', 'из/PR', 'залив/S', 'делать/V', 'стойка/S'], ['пока/CONJ', 'прикручивать/V', 'канат/S', 'бок/S', 'машина/S', 'масло/S', 'плеваться/V', 'мило/ADV'], ['потом/ADVPRO', 'лебедка/S', 'спускать/V', 'бык/S', 'реветь/V', 'возможно/ADV', 'он/SPRO', 'прищемлять/V'], ['сходить/V', 'капитан/S'], ['продувной/A', 'бестия/S'], ['смотреть/V', 'на/PR', 'все/SPRO', 'невинный/A', 'овца/S'], ['я/SPRO', 'тыкать/V', 'мандат/S', 'прикрывать/V', 'известие/S', 'и/CONJ', 'упирать/V', 'на/PR', 'то/SPRO', 'что/CONJ', 'вцик/S'], ['он/SPRO', 'не/PART', 'проводить/V', 'на/PR', 'мандат/S', 'бывать/V', 'всякий/APRO', 'за/PR', 'несколько/NUM', 'год/S'], ['идти/V', 'направо/ADV', 'червонец/S', 'давать/V', 'а/CONJ', 'вы/SPRO', 'из/PR', 'касса/S', 'давать/V', 'билет/S'], ['у/PR', 'самый/APRO', 'ложиться/V', 'у/PR', 'котел/S', 'на/PR', 'нара/S'], ['варить/V', 'когда-нибудь/ADVPRO', 'вы/SPRO', 'в/PR', 'самовар/S'], ['а/CONJ', 'если/CONJ', 'нет/PART', 'то/PART', 'с/PR', 'подобный/A', 'неуч/S', 'мы/SPRO', 'и/CONJ', 'разговаривать/V', 'не/PART', 'о/PR', 'что/SPRO'], ['покойница/S', 'бабушка/S', 'б/PART', 'ехать/V', 'в/PR', 'батум/S', 'она/SPRO', 'так/ADVPRO', 'да/CONJ', 'недурно/ADV', 'поспать/V', 'бы/PART'], ['в/PR', 'пот/S', 'бежать/V', 'на/PR', 'ветер/S', 'палуба/S'], ['валяться/V', 'без/PR', 'всякий/APRO', 'класс/S', 'гора/S', 'мясо/S', 'кость/S', 'и/CONJ', 'жир/S', 'разваривать/V', 'масса/S', 'пассажир/S'], ['а/CONJ', 'между/PR', 'они/SPRO', 'два/NUM', 'в/PR', 'моцион/S', 'оживленный/A', 'дамочка/S'], ['образец/S', 'дореволюционный/A'], ['ямка/S', 'и/CONJ', 'щечка/S', 'щечка/S', 'и/CONJ', 'ямочка/S'], ['спрашивать/V', 'капитан/S', 'сказать/V', 'как/CONJ', 'звать/V', 'они/SPRO'], ['вот/PART', 'этот/APRO', 'вот/PART', 'два/NUM', 'морковь/S'], ['левкович/S', 'который/APRO', 'розоватый/A', 'а/CONJ', 'беленький/A', 'беркович/S'], ['один/APRO', 'говорить/V', 'ну/PART', 'и/CONJ', 'наседать/V'], ['и/CONJ', 'чистый/A', 'публика/S', 'не/PART', 'выделять/V'], ['когда/CONJ', 'на/PR', 'дофине/S', 'сидеть/V', 'в/PR', 'марсель/S', 'француз/S', 'сплошь/ADV'], ['удивительно/ADV'], ['сидеть/V', 'на/PR', 'борт/S', 'матрос/S', 'лохматин/S', 'труба/S', 'корабельный/A', 'под/PR', 'рост/S'], ['услышать/V', 'обдумывать/V', 'ругнуться/V', 'матерный/A', 'и/CONJ', 'так/ADVPRO', 'сказать/V', 'матрос/S', 'флотишко/S', 'белый/A', 'спирать/V', 'до/PR', 'тла/S'], ['угнать/V'], ['у/PR', 'мы/SPRO', 'ни/CONJ', 'кляп/S'], ['для/PR', 'наш/APRO', 'галоша/S', 'дыра/S', 'котел/S', 'сам/APRO', 'собственноручно/ADV', 'клепало/S'], ['плыть/V', 'плоховато/ADV', 'комод/S', 'вроде/PART'], ['на/PR', 'этот/APRO', 'дыня/S', 'возить/V', 'рано/ADV', 'мы/SPRO'], ['два/NUM', 'год/S', 'работать/V', 'я/SPRO', 'в/PR', 'райкомвод/S'], ['в/PR', 'одесса/S', 'стоять/V', 'иностранщина/S'], ['не/PART', 'пароход/S', 'а/CONJ', 'бламанже/S'], ['у/PR', 'мы/SPRO', 'в/PR', 'кочегарка/S', 'от/PR', 'копоть/S', 'залежь/S', 'а/CONJ', 'там/ADVPRO', 'работать/V', 'хоть/CONJ', 'в/PR', 'пара/S', 'манжета/S', 'стараться/V', 'и/CONJ', 'то/SPRO', 'не/PART', 'засаливать/V'], ['конечно/ADV', 'помягше/ADV', 'для/PR', 'нежный/A', 'зады/S', 'но/CONJ', 'вот/PART', 'что/CONJ', 'мой/APRO', 'мамаша/S', 'здесь/ADVPRO', 'тихо/ADV', 'здесь/ADVPRO', 'твердо/ADV', 'здесь/ADVPRO', 'плохо/ADV', 'зато/CONJ', 'наш/APRO'], ['эх/INTJ', 'только/PART', 'быть/V', 'бы/PART', 'тут/ADVPRO', 'рубль/S', 'европа/S', 'скупой/A', 'гадина/S', 'уж/PART', 'мы/SPRO', 'б/PART', 'понастроить/V', 'б/PART', 'мы/SPRO', 'корабль/S', 'громадина/S'], ['чтоб/CONJ', 'мачта/S', 'спичка/S', 'казаться/V', 'с/PR', 'вода/S', 'а/CONJ', 'с/PR', 'мачта/S', 'море/S', 'в/PR', 'овчина/S'], ['тада/S', 'катать/V', 'хоть/CONJ', 'на/PR', 'даровщина/S'], ['не/PART', 'знать/V', 'сколько/CONJ', 'это/PART', 'узел/S', 'плестись/V', 'не/PART', 'быстро/ADV', 'комод/S'], ['и/CONJ', 'в/PR', 'черный/A', 'море/S', 'плюнуть/V', 'зло/ADV', 'моряк/S', 'из/PR', 'райкомвод/S']]"
5547.txt,«Не нам / о богатых / песней казниться...»,poetry,1928,"Не нам / о богатых / песней казниться.
— Пейте, / господа!
Услужливо / греет / разная Ницца
наследство / ваших подагр.
Мы там, / где небо / взамен потолка,
с тобою, / нищь и голь.
Тебе / времена / в коммуну толкать, —
но встанет четверть — / и вся недолга,
и топит / борьбу / алкоголь.","['Не нам / о богатых / песней казниться.', '/ — Пейте, / господа!', '/ Услужливо / греет / разная Ницца / наследство / ваших подагр.', '/ Мы там, / где небо / взамен потолка, / с тобою, / нищь и голь.', '/ Тебе / времена / в коммуну толкать, — / но встанет четверть — / и вся недолга, / и топит / борьбу / алкоголь.']","[['Не', 'нам', '/', 'о', 'богатых', '/', 'песней', 'казниться', '.'], ['/', '—', 'Пейте', ',', '/', 'господа', '!'], ['/', 'Услужливо', '/', 'греет', '/', 'разная', 'Ницца', '/', 'наследство', '/', 'ваших', 'подагр', '.'], ['/', 'Мы', 'там', ',', '/', 'где', 'небо', '/', 'взамен', 'потолка', ',', '/', 'с', 'тобою', ',', '/', 'нищь', 'и', 'голь', '.'], ['/', 'Тебе', '/', 'времена', '/', 'в', 'коммуну', 'толкать', ',', '—', '/', 'но', 'встанет', 'четверть', '—', '/', 'и', 'вся', 'недолга', ',', '/', 'и', 'топит', '/', 'борьбу', '/', 'алкоголь', '.']]","[['не', 'мы', '_BRK_', 'о', 'богатый', '_BRK_', 'песня', 'казниться'], ['_BRK_', 'пить', '_BRK_', 'господин'], ['_BRK_', 'услужливый', '_BRK_', 'греть', '_BRK_', 'разный', 'ницца', '_BRK_', 'наследство', '_BRK_', 'ваш', 'подагра'], ['_BRK_', 'мы', 'там', '_BRK_', 'где', 'небо', '_BRK_', 'взамен', 'потолок', '_BRK_', 'с', 'ты', '_BRK_', 'нищь', 'и', 'голь'], ['_BRK_', 'ты', '_BRK_', 'время', '_BRK_', 'в', 'коммуна', 'толкать', '_BRK_', 'но', 'вставать', 'четверть', '_BRK_', 'и', 'весь', 'недолга', '_BRK_', 'и', 'топить', '_BRK_', 'борьба', '_BRK_', 'алкоголь']]","[['не', 'мы', 'о', 'богатый', 'песня', 'казниться'], ['пить', 'господин'], ['услужливый', 'греть', 'разный', 'ницца', 'наследство', 'ваш', 'подагра'], ['мы', 'там', 'где', 'небо', 'взамен', 'потолок', 'с', 'ты', 'нищь', 'и', 'голь'], ['ты', 'время', 'в', 'коммуна', 'толкать', 'но', 'вставать', 'четверть', 'и', 'весь', 'недолга', 'и', 'топить', 'борьба', 'алкоголь']]","[['не/PART', 'мы/SPRO', 'о/PR', 'богатый/A', 'песня/S', 'казниться/V'], ['пить/V', 'господин/S'], ['услужливый/A', 'греть/V', 'разный/A', 'ницца/S', 'наследство/S', 'ваш/APRO', 'подагра/S'], ['мы/SPRO', 'там/ADVPRO', 'где/ADVPRO', 'небо/S', 'взамен/PR', 'потолок/S', 'с/PR', 'ты/SPRO', 'нищь/UNK', 'и/CONJ', 'голь/S'], ['ты/SPRO', 'время/S', 'в/PR', 'коммуна/S', 'толкать/V', 'но/CONJ', 'вставать/V', 'четверть/S', 'и/CONJ', 'весь/APRO', 'недолга/S', 'и/CONJ', 'топить/V', 'борьба/S', 'алкоголь/S']]"
5590.txt,"Последний крик | «О, сколько / женского народу...»",poetry,1929,"О, сколько / женского народу
по магазинам / рыскают
и ищут моду, / просят моду,
последнюю / парижскую.
Стихи поэта / к вам / нежны,
дочки / и мамаши.
Я понимаю — / вам нужны
чулки, / платки, / гамаши.
Склонились / над прилавком ивой,
перебирают / пальцы / платьице,
чтоб очень / было бы / красивое
и чтоб / совсем не очень / тратиться,
Но несмотря / на нежность сильную,
остановлю вас, / тих / и едок:
— Оно / на даму / на субтильную,
для / буржуазных дармоедок.
А с нашей / красотой суровою
костюм / к лицу / не всякий ляжет,
мы / часто / выглядим коровою
в купальных трусиках / на пляже.
Мы выглядим / в атласах — / репою...
Забудьте моду! / К черту вздорную!
Одежду / в Москвошвее / требуй
простую, / легкую, / просторную.
Чтоб Москвошвей / ответил: / «Нате!
Одежду / не найдете проще —
прекрасная / и для занятий
и для гуляний / с милым / в роще».","['О, сколько / женского народу / по магазинам / рыскают / и ищут моду, / просят моду, / последнюю / парижскую.', '/ Стихи поэта / к вам / нежны, / дочки / и мамаши.', '/ Я понимаю — / вам нужны / чулки, / платки, / гамаши.', '/ Склонились / над прилавком ивой, / перебирают / пальцы / платьице, / чтоб очень / было бы / красивое / и чтоб / совсем не очень / тратиться, / Но несмотря / на нежность сильную, / остановлю вас, / тих / и едок: / — Оно / на даму / на субтильную, / для / буржуазных дармоедок.', '/ А с нашей / красотой суровою / костюм / к лицу / не всякий ляжет, / мы / часто / выглядим коровою / в купальных трусиках / на пляже.', '/ Мы выглядим / в атласах — / репою...', '/ Забудьте моду!', '/ К черту вздорную!', '/ Одежду / в Москвошвее / требуй / простую, / легкую, / просторную.', '/ Чтоб Москвошвей / ответил: / «Нате!', '/ Одежду / не найдете проще — / прекрасная / и для занятий / и для гуляний / с милым / в роще».']","[['О', ',', 'сколько', '/', 'женского', 'народу', '/', 'по', 'магазинам', '/', 'рыскают', '/', 'и', 'ищут', 'моду', ',', '/', 'просят', 'моду', ',', '/', 'последнюю', '/', 'парижскую', '.'], ['/', 'Стихи', 'поэта', '/', 'к', 'вам', '/', 'нежны', ',', '/', 'дочки', '/', 'и', 'мамаши', '.'], ['/', 'Я', 'понимаю', '—', '/', 'вам', 'нужны', '/', 'чулки', ',', '/', 'платки', ',', '/', 'гамаши', '.'], ['/', 'Склонились', '/', 'над', 'прилавком', 'ивой', ',', '/', 'перебирают', '/', 'пальцы', '/', 'платьице', ',', '/', 'чтоб', 'очень', '/', 'было', 'бы', '/', 'красивое', '/', 'и', 'чтоб', '/', 'совсем', 'не', 'очень', '/', 'тратиться', ',', '/', 'Но', 'несмотря', '/', 'на', 'нежность', 'сильную', ',', '/', 'остановлю', 'вас', ',', '/', 'тих', '/', 'и', 'едок', ':', '/', '—', 'Оно', '/', 'на', 'даму', '/', 'на', 'субтильную', ',', '/', 'для', '/', 'буржуазных', 'дармоедок', '.'], ['/', 'А', 'с', 'нашей', '/', 'красотой', 'суровою', '/', 'костюм', '/', 'к', 'лицу', '/', 'не', 'всякий', 'ляжет', ',', '/', 'мы', '/', 'часто', '/', 'выглядим', 'коровою', '/', 'в', 'купальных', 'трусиках', '/', 'на', 'пляже', '.'], ['/', 'Мы', 'выглядим', '/', 'в', 'атласах', '—', '/', 'репою', '...'], ['/', 'Забудьте', 'моду', '!'], ['/', 'К', 'черту', 'вздорную', '!'], ['/', 'Одежду', '/', 'в', 'Москвошвее', '/', 'требуй', '/', 'простую', ',', '/', 'легкую', ',', '/', 'просторную', '.'], ['/', 'Чтоб', 'Москвошвей', '/', 'ответил', ':', '/', '«', 'Нате', '!'], ['/', 'Одежду', '/', 'не', 'найдете', 'проще', '—', '/', 'прекрасная', '/', 'и', 'для', 'занятий', '/', 'и', 'для', 'гуляний', '/', 'с', 'милым', '/', 'в', 'роще', '»', '.']]","[['о', 'сколько', '_BRK_', 'женский', 'народ', '_BRK_', 'по', 'магазин', '_BRK_', 'рыскать', '_BRK_', 'и', 'искать', 'мода', '_BRK_', 'просить', 'мода', '_BRK_', 'последний', '_BRK_', 'парижский'], ['_BRK_', 'стих', 'поэт', '_BRK_', 'к', 'вы', '_BRK_', 'нежный', '_BRK_', 'дочка', '_BRK_', 'и', 'мамаша'], ['_BRK_', 'я', 'понимать', '_BRK_', 'вы', 'нужный', '_BRK_', 'чулок', '_BRK_', 'платок', '_BRK_', 'гамаши'], ['_BRK_', 'склоняться', '_BRK_', 'над', 'прилавок', 'ива', '_BRK_', 'перебирать', '_BRK_', 'палец', '_BRK_', 'платьице', '_BRK_', 'чтоб', 'очень', '_BRK_', 'быть', 'бы', '_BRK_', 'красивый', '_BRK_', 'и', 'чтоб', '_BRK_', 'совсем', 'не', 'очень', '_BRK_', 'тратиться', '_BRK_', 'но', 'несмотря', '_BRK_', 'на', 'нежность', 'сильный', '_BRK_', 'останавливать', 'вы', '_BRK_', 'тихий', '_BRK_', 'и', 'едок', '_BRK_', 'оно', '_BRK_', 'на', 'дама', '_BRK_', 'на', 'субтильный', '_BRK_', 'для', '_BRK_', 'буржуазный', 'дармоедка'], ['_BRK_', 'а', 'с', 'наш', '_BRK_', 'красота', 'суровый', '_BRK_', 'костюм', '_BRK_', 'к', 'лицо', '_BRK_', 'не', 'всякий', 'ложиться', '_BRK_', 'мы', '_BRK_', 'часто', '_BRK_', 'выглядеть', 'корова', '_BRK_', 'в', 'купальный', 'трусики', '_BRK_', 'на', 'пляж'], ['_BRK_', 'мы', 'выглядеть', '_BRK_', 'в', 'атлас', '_BRK_', 'репа'], ['_BRK_', 'забывать', 'мода'], ['_BRK_', 'к', 'черта', 'вздорный'], ['_BRK_', 'одежда', '_BRK_', 'в', 'москвошвея', '_BRK_', 'требовать', '_BRK_', 'простой', '_BRK_', 'легкий', '_BRK_', 'просторный'], ['_BRK_', 'чтоб', 'москвошвея', '_BRK_', 'отвечать', '_BRK_', 'нате'], ['_BRK_', 'одежда', '_BRK_', 'не', 'находить', 'просто', '_BRK_', 'прекрасный', '_BRK_', 'и', 'для', 'занятие', '_BRK_', 'и', 'для', 'гуляние', '_BRK_', 'с', 'милый', '_BRK_', 'в', 'роща']]","[['о', 'сколько', 'женский', 'народ', 'по', 'магазин', 'рыскать', 'и', 'искать', 'мода', 'просить', 'мода', 'последний', 'парижский'], ['стих', 'поэт', 'к', 'вы', 'нежный', 'дочка', 'и', 'мамаша'], ['я', 'понимать', 'вы', 'нужный', 'чулок', 'платок', 'гамаши'], ['склоняться', 'над', 'прилавок', 'ива', 'перебирать', 'палец', 'платьице', 'чтоб', 'очень', 'быть', 'бы', 'красивый', 'и', 'чтоб', 'совсем', 'не', 'очень', 'тратиться', 'но', 'несмотря', 'на', 'нежность', 'сильный', 'останавливать', 'вы', 'тихий', 'и', 'едок', 'оно', 'на', 'дама', 'на', 'субтильный', 'для', 'буржуазный', 'дармоедка'], ['а', 'с', 'наш', 'красота', 'суровый', 'костюм', 'к', 'лицо', 'не', 'всякий', 'ложиться', 'мы', 'часто', 'выглядеть', 'корова', 'в', 'купальный', 'трусики', 'на', 'пляж'], ['мы', 'выглядеть', 'в', 'атлас', 'репа'], ['забывать', 'мода'], ['к', 'черта', 'вздорный'], ['одежда', 'в', 'москвошвея', 'требовать', 'простой', 'легкий', 'просторный'], ['чтоб', 'москвошвея', 'отвечать', 'нате'], ['одежда', 'не', 'находить', 'просто', 'прекрасный', 'и', 'для', 'занятие', 'и', 'для', 'гуляние', 'с', 'милый', 'в', 'роща']]","[['о/PR', 'сколько/ADV', 'женский/A', 'народ/S', 'по/PR', 'магазин/S', 'рыскать/V', 'и/CONJ', 'искать/V', 'мода/S', 'просить/V', 'мода/S', 'последний/A', 'парижский/A'], ['стих/S', 'поэт/S', 'к/PR', 'вы/SPRO', 'нежный/A', 'дочка/S', 'и/CONJ', 'мамаша/S'], ['я/SPRO', 'понимать/V', 'вы/SPRO', 'нужный/A', 'чулок/S', 'платок/S', 'гамаши/S'], ['склоняться/V', 'над/PR', 'прилавок/S', 'ива/S', 'перебирать/V', 'палец/S', 'платьице/S', 'чтоб/CONJ', 'очень/ADV', 'быть/V', 'бы/PART', 'красивый/A', 'и/CONJ', 'чтоб/CONJ', 'совсем/ADV', 'не/PART', 'очень/ADV', 'тратиться/V', 'но/CONJ', 'несмотря/ADV', 'на/PR', 'нежность/S', 'сильный/A', 'останавливать/V', 'вы/SPRO', 'тихий/A', 'и/CONJ', 'едок/S', 'оно/SPRO', 'на/PR', 'дама/S', 'на/PR', 'субтильный/A', 'для/PR', 'буржуазный/A', 'дармоедка/S'], ['а/CONJ', 'с/PR', 'наш/APRO', 'красота/S', 'суровый/A', 'костюм/S', 'к/PR', 'лицо/S', 'не/PART', 'всякий/APRO', 'ложиться/V', 'мы/SPRO', 'часто/ADV', 'выглядеть/V', 'корова/S', 'в/PR', 'купальный/A', 'трусики/S', 'на/PR', 'пляж/S'], ['мы/SPRO', 'выглядеть/V', 'в/PR', 'атлас/S', 'репа/S'], ['забывать/V', 'мода/S'], ['к/PR', 'черта/S', 'вздорный/A'], ['одежда/S', 'в/PR', 'москвошвея/S', 'требовать/V', 'простой/A', 'легкий/A', 'просторный/A'], ['чтоб/CONJ', 'москвошвея/S', 'отвечать/V', 'нате/PART'], ['одежда/S', 'не/PART', 'находить/V', 'просто/ADV', 'прекрасный/A', 'и/CONJ', 'для/PR', 'занятие/S', 'и/CONJ', 'для/PR', 'гуляние/S', 'с/PR', 'милый/A', 'в/PR', 'роща/S']]"
5584.txt,"Привет, Ким! | «Рабство / с земли / скинь!..»",poetry,1928,"Рабство / с земли / скинь!
Все, / кто смел и надежен,
вливайтесь / в наш КИМ,
«Коммунистический / интернационал молодежи».
В мир / вбит клин.
С одной стороны — / КИМ,
с другой — / в дармоедном фокстроте
благородное отродье.
У буржуев / свой / КИМ —
«Католические / институты молодежи».
Барчуки / идут к ним,
дармоеды / в лощеной одеже.
У нас / КИМ / свой —
наш / двухмильонный КИМ
рабочих, / готовя в бой,
кольцом / охватил / тугим.
У них / свой КИМ,
У них / манишка надушена.
Веселясь, / проводит деньки
«Компания / изменников малодушных».
У нас / КИМ / наш.
Наш / рабочий КИМ
ведет / революции марш,
трубя / пролетарский гимн.
Молодой рабочий, / в КИМ!
Вперед! / Из подвалов блошистых
бросай / в огонь и в дым
рубахи / и страны фашистов.
Рабство / с земли скинь!
Все, / кто смел и надежен,
вливайтесь / в наш / КИМ,
Коммунистический / интернационал молодежи!","['Рабство / с земли / скинь!', '/ Все, / кто смел и надежен, / вливайтесь / в наш КИМ, / «Коммунистический / интернационал молодежи».', '/ В мир / вбит клин.', '/ С одной стороны — / КИМ, / с другой — / в дармоедном фокстроте / благородное отродье.', '/ У буржуев / свой / КИМ — / «Католические / институты молодежи».', '/ Барчуки / идут к ним, / дармоеды / в лощеной одеже.', '/ У нас / КИМ / свой — / наш / двухмильонный КИМ / рабочих, / готовя в бой, / кольцом / охватил / тугим.', '/ У них / свой КИМ, / У них / манишка надушена.', '/ Веселясь, / проводит деньки / «Компания / изменников малодушных».', '/ У нас / КИМ / наш.', '/ Наш / рабочий КИМ / ведет / революции марш, / трубя / пролетарский гимн.', '/ Молодой рабочий, / в КИМ!', '/ Вперед!', '/ Из подвалов блошистых / бросай / в огонь и в дым / рубахи / и страны фашистов.', '/ Рабство / с земли скинь!', '/ Все, / кто смел и надежен, / вливайтесь / в наш / КИМ, / Коммунистический / интернационал молодежи!']","[['Рабство', '/', 'с', 'земли', '/', 'скинь', '!'], ['/', 'Все', ',', '/', 'кто', 'смел', 'и', 'надежен', ',', '/', 'вливайтесь', '/', 'в', 'наш', 'КИМ', ',', '/', '«', 'Коммунистический', '/', 'интернационал', 'молодежи', '»', '.'], ['/', 'В', 'мир', '/', 'вбит', 'клин', '.'], ['/', 'С', 'одной', 'стороны', '—', '/', 'КИМ', ',', '/', 'с', 'другой', '—', '/', 'в', 'дармоедном', 'фокстроте', '/', 'благородное', 'отродье', '.'], ['/', 'У', 'буржуев', '/', 'свой', '/', 'КИМ', '—', '/', '«', 'Католические', '/', 'институты', 'молодежи', '»', '.'], ['/', 'Барчуки', '/', 'идут', 'к', 'ним', ',', '/', 'дармоеды', '/', 'в', 'лощеной', 'одеже', '.'], ['/', 'У', 'нас', '/', 'КИМ', '/', 'свой', '—', '/', 'наш', '/', 'двухмильонный', 'КИМ', '/', 'рабочих', ',', '/', 'готовя', 'в', 'бой', ',', '/', 'кольцом', '/', 'охватил', '/', 'тугим', '.'], ['/', 'У', 'них', '/', 'свой', 'КИМ', ',', '/', 'У', 'них', '/', 'манишка', 'надушена', '.'], ['/', 'Веселясь', ',', '/', 'проводит', 'деньки', '/', '«', 'Компания', '/', 'изменников', 'малодушных', '»', '.'], ['/', 'У', 'нас', '/', 'КИМ', '/', 'наш', '.'], ['/', 'Наш', '/', 'рабочий', 'КИМ', '/', 'ведет', '/', 'революции', 'марш', ',', '/', 'трубя', '/', 'пролетарский', 'гимн', '.'], ['/', 'Молодой', 'рабочий', ',', '/', 'в', 'КИМ', '!'], ['/', 'Вперед', '!'], ['/', 'Из', 'подвалов', 'блошистых', '/', 'бросай', '/', 'в', 'огонь', 'и', 'в', 'дым', '/', 'рубахи', '/', 'и', 'страны', 'фашистов', '.'], ['/', 'Рабство', '/', 'с', 'земли', 'скинь', '!'], ['/', 'Все', ',', '/', 'кто', 'смел', 'и', 'надежен', ',', '/', 'вливайтесь', '/', 'в', 'наш', '/', 'КИМ', ',', '/', 'Коммунистический', '/', 'интернационал', 'молодежи', '!']]","[['рабство', '_BRK_', 'с', 'земля', '_BRK_', 'скидывать'], ['_BRK_', 'все', '_BRK_', 'кто', 'смелый', 'и', 'надежный', '_BRK_', 'вливаться', '_BRK_', 'в', 'наш', 'ким', '_BRK_', 'коммунистический', '_BRK_', 'интернационал', 'молодежь'], ['_BRK_', 'в', 'мир', '_BRK_', 'вбивать', 'клин'], ['_BRK_', 'с', 'один', 'сторона', '_BRK_', 'ким', '_BRK_', 'с', 'другой', '_BRK_', 'в', 'дармоедный', 'фокстрот', '_BRK_', 'благородный', 'отродье'], ['_BRK_', 'у', 'буржуй', '_BRK_', 'свой', '_BRK_', 'ким', '_BRK_', 'католический', '_BRK_', 'институт', 'молодежь'], ['_BRK_', 'барчук', '_BRK_', 'идти', 'к', 'он', '_BRK_', 'дармоед', '_BRK_', 'в', 'лощеный', 'одежа'], ['_BRK_', 'у', 'мы', '_BRK_', 'ким', '_BRK_', 'свой', '_BRK_', 'наш', '_BRK_', 'двухмильонный', 'ким', '_BRK_', 'рабочий', '_BRK_', 'готовить', 'в', 'бой', '_BRK_', 'кольцо', '_BRK_', 'охватывать', '_BRK_', 'тугой'], ['_BRK_', 'у', 'они', '_BRK_', 'свой', 'ким', '_BRK_', 'у', 'они', '_BRK_', 'манишка', 'надушить'], ['_BRK_', 'веселиться', '_BRK_', 'проводить', 'денек', '_BRK_', 'компания', '_BRK_', 'изменник', 'малодушный'], ['_BRK_', 'у', 'мы', '_BRK_', 'ким', '_BRK_', 'наш'], ['_BRK_', 'наш', '_BRK_', 'рабочий', 'ким', '_BRK_', 'вести', '_BRK_', 'революция', 'марш', '_BRK_', 'трубить', '_BRK_', 'пролетарский', 'гимн'], ['_BRK_', 'молодой', 'рабочий', '_BRK_', 'в', 'ким'], ['_BRK_', 'вперед'], ['_BRK_', 'из', 'подвал', 'блошистый', '_BRK_', 'бросать', '_BRK_', 'в', 'огонь', 'и', 'в', 'дым', '_BRK_', 'рубаха', '_BRK_', 'и', 'страна', 'фашист'], ['_BRK_', 'рабство', '_BRK_', 'с', 'земля', 'скидывать'], ['_BRK_', 'все', '_BRK_', 'кто', 'смелый', 'и', 'надежный', '_BRK_', 'вливаться', '_BRK_', 'в', 'наш', '_BRK_', 'ким', '_BRK_', 'коммунистический', '_BRK_', 'интернационал', 'молодежь']]","[['рабство', 'с', 'земля', 'скидывать'], ['все', 'кто', 'смелый', 'и', 'надежный', 'вливаться', 'в', 'наш', 'ким', 'коммунистический', 'интернационал', 'молодежь'], ['в', 'мир', 'вбивать', 'клин'], ['с', 'один', 'сторона', 'ким', 'с', 'другой', 'в', 'дармоедный', 'фокстрот', 'благородный', 'отродье'], ['у', 'буржуй', 'свой', 'ким', 'католический', 'институт', 'молодежь'], ['барчук', 'идти', 'к', 'он', 'дармоед', 'в', 'лощеный', 'одежа'], ['у', 'мы', 'ким', 'свой', 'наш', 'двухмильонный', 'ким', 'рабочий', 'готовить', 'в', 'бой', 'кольцо', 'охватывать', 'тугой'], ['у', 'они', 'свой', 'ким', 'у', 'они', 'манишка', 'надушить'], ['веселиться', 'проводить', 'денек', 'компания', 'изменник', 'малодушный'], ['у', 'мы', 'ким', 'наш'], ['наш', 'рабочий', 'ким', 'вести', 'революция', 'марш', 'трубить', 'пролетарский', 'гимн'], ['молодой', 'рабочий', 'в', 'ким'], ['вперед'], ['из', 'подвал', 'блошистый', 'бросать', 'в', 'огонь', 'и', 'в', 'дым', 'рубаха', 'и', 'страна', 'фашист'], ['рабство', 'с', 'земля', 'скидывать'], ['все', 'кто', 'смелый', 'и', 'надежный', 'вливаться', 'в', 'наш', 'ким', 'коммунистический', 'интернационал', 'молодежь']]","[['рабство/S', 'с/PR', 'земля/S', 'скидывать/V'], ['все/SPRO', 'кто/SPRO', 'смелый/A', 'и/CONJ', 'надежный/A', 'вливаться/V', 'в/PR', 'наш/APRO', 'ким/S', 'коммунистический/A', 'интернационал/S', 'молодежь/S'], ['в/PR', 'мир/S', 'вбивать/V', 'клин/S'], ['с/PR', 'один/APRO', 'сторона/S', 'ким/S', 'с/PR', 'другой/APRO', 'в/PR', 'дармоедный/A', 'фокстрот/S', 'благородный/A', 'отродье/S'], ['у/S', 'буржуй/S', 'свой/APRO', 'ким/S', 'католический/A', 'институт/S', 'молодежь/S'], ['барчук/S', 'идти/V', 'к/PR', 'он/SPRO', 'дармоед/S', 'в/PR', 'лощеный/A', 'одежа/S'], ['у/PR', 'мы/SPRO', 'ким/S', 'свой/APRO', 'наш/APRO', 'двухмильонный/A', 'ким/S', 'рабочий/S', 'готовить/V', 'в/PR', 'бой/S', 'кольцо/S', 'охватывать/V', 'тугой/A'], ['у/PR', 'они/SPRO', 'свой/APRO', 'ким/S', 'у/PR', 'они/SPRO', 'манишка/S', 'надушить/V'], ['веселиться/V', 'проводить/V', 'денек/S', 'компания/S', 'изменник/S', 'малодушный/A'], ['у/PR', 'мы/SPRO', 'ким/S', 'наш/APRO'], ['наш/APRO', 'рабочий/A', 'ким/S', 'вести/V', 'революция/S', 'марш/S', 'трубить/V', 'пролетарский/A', 'гимн/S'], ['молодой/A', 'рабочий/S', 'в/PR', 'ким/S'], ['вперед/ADV'], ['из/PR', 'подвал/S', 'блошистый/A', 'бросать/V', 'в/PR', 'огонь/S', 'и/CONJ', 'в/PR', 'дым/S', 'рубаха/S', 'и/CONJ', 'страна/S', 'фашист/S'], ['рабство/S', 'с/PR', 'земля/S', 'скидывать/V'], ['все/SPRO', 'кто/SPRO', 'смелый/A', 'и/CONJ', 'надежный/A', 'вливаться/V', 'в/PR', 'наш/APRO', 'ким/S', 'коммунистический/A', 'интернационал/S', 'молодежь/S']]"
5989.txt,"Искусственные люди | «Этими — / и добрыми, / и кобры лютей…»",poetry,1926,"Этими — / и добрыми, / и кобры лютей —
Союз / до краев загружён.
Кто делает / этих / искусственных людей?
Какой нагружённый Гужон?
Чтоб долго / не размусоливать этой темы
(ни зол, / ни рад),
объективно / опишу человека — / системы
«бюрократ».
Сверху — лысина, / пятки — низом, —
организм, как организм.
Но внутри / вместо голоса — / аппарат для рожений
некоторых выражений.
Разлад в предприятии — / грохочет адом,
буза и крик. / А этот, как сова,
два словца изрыгает: / — Надо
согласовать! —
Учрежденья объяты ленью.
Заменили дело канителью длинною,
А этот / отвечает / любому заявлению:
— Ничего, / выравниваем линию. —
Надо геройство, / надо умение,
чтоб выплыть / из канцелярщины вязкой,
а этот / жмет плечьми в недоумении:
— Неувязка! —
Из зава трестом / прямо в воры
лезет / пройдоха и выжига,
а этот / изрекает / со спокойствием рыб:
— Продвижка! —
Разлазится все, / аппарат — вразброд,
а этот, / куря и позевывая,
с достоинством / мямлит / во весь свой рот:
— Использовываем. —
Тут надо / видеть / вражьи войска,
надо / руководить прицелом, —
а этот / про все / твердит свысока:
— В общем и целом. —

Тут не приходится в кулак свистеть, —
как пишется / в стенгазетных листах:
«Уничтожим это, — / если не везде,
то во всех местах».","['Этими — / и добрыми, / и кобры лютей — / Союз / до краев загружён.', '/ Кто делает / этих / искусственных людей?', '/ Какой нагружённый Гужон?', '/ Чтоб долго / не размусоливать этой темы / (ни зол, / ни рад), / объективно / опишу человека — / системы / «бюрократ».', '/ Сверху — лысина, / пятки — низом, — / организм, как организм.', '/ Но внутри / вместо голоса — / аппарат для рожений / некоторых выражений.', '/ Разлад в предприятии — / грохочет адом, / буза и крик.', '/ А этот, как сова, / два словца изрыгает: / — Надо / согласовать!', '— / Учрежденья объяты ленью.', '/ Заменили дело канителью длинною, / А этот / отвечает / любому заявлению: / — Ничего, / выравниваем линию.', '— / Надо геройство, / надо умение, / чтоб выплыть / из канцелярщины вязкой, / а этот / жмет плечьми в недоумении: / — Неувязка!', '— / Из зава трестом / прямо в воры / лезет / пройдоха и выжига, / а этот / изрекает / со спокойствием рыб: / — Продвижка!', '— / Разлазится все, / аппарат — вразброд, / а этот, / куря и позевывая, / с достоинством / мямлит / во весь свой рот: / — Использовываем.', '— / Тут надо / видеть / вражьи войска, / надо / руководить прицелом, — / а этот / про все / твердит свысока: / — В общем и целом.', '— // Тут не приходится в кулак свистеть, — / как пишется / в стенгазетных листах: / «Уничтожим это, — / если не везде, / то во всех местах».']","[['Этими', '—', '/', 'и', 'добрыми', ',', '/', 'и', 'кобры', 'лютей', '—', '/', 'Союз', '/', 'до', 'краев', 'загружён', '.'], ['/', 'Кто', 'делает', '/', 'этих', '/', 'искусственных', 'людей', '?'], ['/', 'Какой', 'нагружённый', 'Гужон', '?'], ['/', 'Чтоб', 'долго', '/', 'не', 'размусоливать', 'этой', 'темы', '/', '(', 'ни', 'зол', ',', '/', 'ни', 'рад', ')', ',', '/', 'объективно', '/', 'опишу', 'человека', '—', '/', 'системы', '/', '«', 'бюрократ', '»', '.'], ['/', 'Сверху', '—', 'лысина', ',', '/', 'пятки', '—', 'низом', ',', '—', '/', 'организм', ',', 'как', 'организм', '.'], ['/', 'Но', 'внутри', '/', 'вместо', 'голоса', '—', '/', 'аппарат', 'для', 'рожений', '/', 'некоторых', 'выражений', '.'], ['/', 'Разлад', 'в', 'предприятии', '—', '/', 'грохочет', 'адом', ',', '/', 'буза', 'и', 'крик', '.'], ['/', 'А', 'этот', ',', 'как', 'сова', ',', '/', 'два', 'словца', 'изрыгает', ':', '/', '—', 'Надо', '/', 'согласовать', '!'], ['—', '/', 'Учрежденья', 'объяты', 'ленью', '.'], ['/', 'Заменили', 'дело', 'канителью', 'длинною', ',', '/', 'А', 'этот', '/', 'отвечает', '/', 'любому', 'заявлению', ':', '/', '—', 'Ничего', ',', '/', 'выравниваем', 'линию', '.'], ['—', '/', 'Надо', 'геройство', ',', '/', 'надо', 'умение', ',', '/', 'чтоб', 'выплыть', '/', 'из', 'канцелярщины', 'вязкой', ',', '/', 'а', 'этот', '/', 'жмет', 'плечьми', 'в', 'недоумении', ':', '/', '—', 'Неувязка', '!'], ['—', '/', 'Из', 'зава', 'трестом', '/', 'прямо', 'в', 'воры', '/', 'лезет', '/', 'пройдоха', 'и', 'выжига', ',', '/', 'а', 'этот', '/', 'изрекает', '/', 'со', 'спокойствием', 'рыб', ':', '/', '—', 'Продвижка', '!'], ['—', '/', 'Разлазится', 'все', ',', '/', 'аппарат', '—', 'вразброд', ',', '/', 'а', 'этот', ',', '/', 'куря', 'и', 'позевывая', ',', '/', 'с', 'достоинством', '/', 'мямлит', '/', 'во', 'весь', 'свой', 'рот', ':', '/', '—', 'Использовываем', '.'], ['—', '/', 'Тут', 'надо', '/', 'видеть', '/', 'вражьи', 'войска', ',', '/', 'надо', '/', 'руководить', 'прицелом', ',', '—', '/', 'а', 'этот', '/', 'про', 'все', '/', 'твердит', 'свысока', ':', '/', '—', 'В', 'общем', 'и', 'целом', '.'], ['—', '/', '/', 'Тут', 'не', 'приходится', 'в', 'кулак', 'свистеть', ',', '—', '/', 'как', 'пишется', '/', 'в', 'стенгазетных', 'листах', ':', '/', '«', 'Уничтожим', 'это', ',', '—', '/', 'если', 'не', 'везде', ',', '/', 'то', 'во', 'всех', 'местах', '»', '.']]","[['этот', '_BRK_', 'и', 'добрый', '_BRK_', 'и', 'кобра', 'лютый', '_BRK_', 'союз', '_BRK_', 'до', 'край', 'загружать'], ['_BRK_', 'кто', 'делать', '_BRK_', 'этот', '_BRK_', 'искусственный', 'человек'], ['_BRK_', 'какой', 'нагружать', 'гужон'], ['_BRK_', 'чтоб', 'долго', '_BRK_', 'не', 'размусоливать', 'этот', 'тема', '_BRK_', 'ни', 'зло', '_BRK_', 'ни', 'рад', '_BRK_', 'объективно', '_BRK_', 'описывать', 'человек', '_BRK_', 'система', '_BRK_', 'бюрократ'], ['_BRK_', 'сверху', 'лысина', '_BRK_', 'пятка', 'низ', '_BRK_', 'организм', 'как', 'организм'], ['_BRK_', 'но', 'внутри', '_BRK_', 'вместо', 'голос', '_BRK_', 'аппарат', 'для', 'рожение', '_BRK_', 'некоторый', 'выражение'], ['_BRK_', 'разлад', 'в', 'предприятие', '_BRK_', 'грохотать', 'ад', '_BRK_', 'буза', 'и', 'крик'], ['_BRK_', 'а', 'этот', 'как', 'сова', '_BRK_', 'два', 'словцо', 'изрыгать', '_BRK_', 'надо', '_BRK_', 'согласовывать'], ['_BRK_', 'учреждение', 'объять', 'лень'], ['_BRK_', 'заменять', 'дело', 'канитель', 'длинный', '_BRK_', 'а', 'этот', '_BRK_', 'отвечать', '_BRK_', 'любой', 'заявление', '_BRK_', 'ничто', '_BRK_', 'выравнивать', 'линия'], ['_BRK_', 'надо', 'геройство', '_BRK_', 'надо', 'умение', '_BRK_', 'чтоб', 'выплывать', '_BRK_', 'из', 'канцелярщина', 'вязкий', '_BRK_', 'а', 'этот', '_BRK_', 'жать', 'плечи', 'в', 'недоумение', '_BRK_', 'неувязка'], ['_BRK_', 'из', 'зав', 'трест', '_BRK_', 'прямо', 'в', 'вор', '_BRK_', 'лезть', '_BRK_', 'пройдоха', 'и', 'выжига', '_BRK_', 'а', 'этот', '_BRK_', 'изрекать', '_BRK_', 'со', 'спокойствие', 'рыба', '_BRK_', 'продвижок'], ['_BRK_', 'разлазиться', 'все', '_BRK_', 'аппарат', 'вразброд', '_BRK_', 'а', 'этот', '_BRK_', 'курить', 'и', 'позевывать', '_BRK_', 'с', 'достоинство', '_BRK_', 'мямлить', '_BRK_', 'во', 'весь', 'свой', 'рот', '_BRK_', 'использовывать'], ['_BRK_', 'тут', 'надо', '_BRK_', 'видеть', '_BRK_', 'вражий', 'войско', '_BRK_', 'надо', '_BRK_', 'руководить', 'прицел', '_BRK_', 'а', 'этот', '_BRK_', 'про', 'все', '_BRK_', 'твердить', 'свысока', '_BRK_', 'в', 'общий', 'и', 'целый'], ['_BRK_', '_BRK_', 'тут', 'не', 'приходиться', 'в', 'кулак', 'свистеть', '_BRK_', 'как', 'писаться', '_BRK_', 'в', 'стенгазетный', 'лист', '_BRK_', 'уничтожать', 'это', '_BRK_', 'если', 'не', 'везде', '_BRK_', 'то', 'во', 'весь', 'место']]","[['этот', 'и', 'добрый', 'и', 'кобра', 'лютый', 'союз', 'до', 'край', 'загружать'], ['кто', 'делать', 'этот', 'искусственный', 'человек'], ['какой', 'нагружать', 'гужон'], ['чтоб', 'долго', 'не', 'размусоливать', 'этот', 'тема', 'ни', 'зло', 'ни', 'рад', 'объективно', 'описывать', 'человек', 'система', 'бюрократ'], ['сверху', 'лысина', 'пятка', 'низ', 'организм', 'как', 'организм'], ['но', 'внутри', 'вместо', 'голос', 'аппарат', 'для', 'рожение', 'некоторый', 'выражение'], ['разлад', 'в', 'предприятие', 'грохотать', 'ад', 'буза', 'и', 'крик'], ['а', 'этот', 'как', 'сова', 'два', 'словцо', 'изрыгать', 'надо', 'согласовывать'], ['учреждение', 'объять', 'лень'], ['заменять', 'дело', 'канитель', 'длинный', 'а', 'этот', 'отвечать', 'любой', 'заявление', 'ничто', 'выравнивать', 'линия'], ['надо', 'геройство', 'надо', 'умение', 'чтоб', 'выплывать', 'из', 'канцелярщина', 'вязкий', 'а', 'этот', 'жать', 'плечи', 'в', 'недоумение', 'неувязка'], ['из', 'зав', 'трест', 'прямо', 'в', 'вор', 'лезть', 'пройдоха', 'и', 'выжига', 'а', 'этот', 'изрекать', 'со', 'спокойствие', 'рыба', 'продвижок'], ['разлазиться', 'все', 'аппарат', 'вразброд', 'а', 'этот', 'курить', 'и', 'позевывать', 'с', 'достоинство', 'мямлить', 'во', 'весь', 'свой', 'рот', 'использовывать'], ['тут', 'надо', 'видеть', 'вражий', 'войско', 'надо', 'руководить', 'прицел', 'а', 'этот', 'про', 'все', 'твердить', 'свысока', 'в', 'общий', 'и', 'целый'], ['тут', 'не', 'приходиться', 'в', 'кулак', 'свистеть', 'как', 'писаться', 'в', 'стенгазетный', 'лист', 'уничтожать', 'это', 'если', 'не', 'везде', 'то', 'во', 'весь', 'место']]","[['этот/APRO', 'и/CONJ', 'добрый/A', 'и/CONJ', 'кобра/S', 'лютый/A', 'союз/S', 'до/PR', 'край/S', 'загружать/V'], ['кто/SPRO', 'делать/V', 'этот/APRO', 'искусственный/A', 'человек/S'], ['какой/APRO', 'нагружать/V', 'гужон/S'], ['чтоб/CONJ', 'долго/ADV', 'не/PART', 'размусоливать/V', 'этот/APRO', 'тема/S', 'ни/CONJ', 'зло/S', 'ни/CONJ', 'рад/A', 'объективно/ADV', 'описывать/V', 'человек/S', 'система/S', 'бюрократ/S'], ['сверху/ADV', 'лысина/S', 'пятка/S', 'низ/S', 'организм/S', 'как/CONJ', 'организм/S'], ['но/CONJ', 'внутри/PR', 'вместо/PR', 'голос/S', 'аппарат/S', 'для/PR', 'рожение/S', 'некоторый/APRO', 'выражение/S'], ['разлад/S', 'в/PR', 'предприятие/S', 'грохотать/V', 'ад/S', 'буза/S', 'и/CONJ', 'крик/S'], ['а/CONJ', 'этот/APRO', 'как/CONJ', 'сова/S', 'два/NUM', 'словцо/S', 'изрыгать/V', 'надо/ADV', 'согласовывать/V'], ['учреждение/S', 'объять/V', 'лень/S'], ['заменять/V', 'дело/S', 'канитель/S', 'длинный/A', 'а/CONJ', 'этот/APRO', 'отвечать/V', 'любой/APRO', 'заявление/S', 'ничто/SPRO', 'выравнивать/V', 'линия/S'], ['надо/ADV', 'геройство/S', 'надо/ADV', 'умение/S', 'чтоб/CONJ', 'выплывать/V', 'из/PR', 'канцелярщина/S', 'вязкий/A', 'а/CONJ', 'этот/APRO', 'жать/V', 'плечи/S', 'в/PR', 'недоумение/S', 'неувязка/S'], ['из/PR', 'зав/S', 'трест/S', 'прямо/PART', 'в/PR', 'вор/S', 'лезть/V', 'пройдоха/S', 'и/CONJ', 'выжига/S', 'а/CONJ', 'этот/APRO', 'изрекать/V', 'со/PR', 'спокойствие/S', 'рыба/S', 'продвижок/S'], ['разлазиться/V', 'все/SPRO', 'аппарат/S', 'вразброд/ADV', 'а/CONJ', 'этот/APRO', 'курить/V', 'и/CONJ', 'позевывать/V', 'с/PR', 'достоинство/S', 'мямлить/V', 'во/PR', 'весь/APRO', 'свой/APRO', 'рот/S', 'использовывать/V'], ['тут/ADVPRO', 'надо/ADV', 'видеть/V', 'вражий/A', 'войско/S', 'надо/ADV', 'руководить/V', 'прицел/S', 'а/CONJ', 'этот/APRO', 'про/PR', 'все/SPRO', 'твердить/V', 'свысока/ADV', 'в/PR', 'общий/A', 'и/CONJ', 'целый/A'], ['тут/ADVPRO', 'не/PART', 'приходиться/V', 'в/PR', 'кулак/S', 'свистеть/V', 'как/CONJ', 'писаться/V', 'в/PR', 'стенгазетный/A', 'лист/S', 'уничтожать/V', 'это/PART', 'если/CONJ', 'не/PART', 'везде/ADV', 'то/CONJ', 'во/PR', 'весь/APRO', 'место/S']]"