filename,title,author,year_finished,genre
5387.txt,Горе | «Тщетно отчаянный ветер…»,Маяковский,1920,poetry
5388.txt,Маяковский в небе | «Стоп! // Скидываю на тучу / вещей / и тела усталого / кладь…»,Маяковский,1917,poetry
5389.txt,9-е ЯНВАРЯ,Маяковский,1924,poetry
5390.txt,ДАЕШЬ МОТОР!,Маяковский,1925,poetry
5391.txt,"Домой! | «Уходите, мысли, во-свояси…»",Маяковский,1925,poetry
5392.txt,Марш ударных бригад | «Вперед / тракторами по целине!..»,Маяковский,1930,poetry
5393.txt,Начало | «Сначала / разведчики / размахнулись полукругом…»,Маяковский,1925,poetry
5394.txt,«И небо...»,Маяковский,1915,poetry
5395.txt,Кое-что про Петербург | «Слезают слезы с крыши в трубы...»,Маяковский,1913,poetry
5396.txt,Чудовищные похороны | «Мрачные до черного вышли люди…»,Маяковский,1915,poetry
5397.txt,«Хорошо вам...»,Маяковский,1916,poetry
5398.txt,«Во весь / медногорлый / гудочный клич...»,Маяковский,1930,poetry
5399.txt,Хвои | «надо. / Не просите. / Не будет елки…»,Маяковский,1916,poetry
5400.txt,Для малограмотных | «Пролеткультцы не говорят...»,Маяковский,1922,poetry
5401.txt,"Лезьте в глаза, влетайте в уши / слова вот этих лозунгов и частушек | «Знай / о счастии своем....»",Маяковский,1927,poetry
5402.txt,Шагание стиха | «Последняя самая эта секунда…»,Маяковский,1923,poetry
5403.txt,Мой университет | «Французский знаете. / Делите. / Множите…»,Маяковский,1922,poetry
5404.txt,"Спросили раз меня: «Вы любите ли НЭП?» — «Люблю, — ответил я, — когда он не нелеп» | «Многие товарищи повесили нос…»",Маяковский,1922,poetry
5405.txt,«За что боролись?» | «Слух идет / бессмысленен и гадок...»,Маяковский,1927,poetry
5406.txt,"Ты | «Пришла — / деловито, / за рыком, / за ростом…»",Маяковский,1922,poetry
5407.txt,"Послушайте! | «Послушайте!  / Ведь, если звезды зажигают — / значит — это кому-нибудь нужно?..»",Маяковский,1914,poetry
5408.txt,Вызов | «Горы злобы / аж ноги гнут…»,Маяковский,1925,poetry
5409.txt,Бродвей | «Асфальт — стекло. / Иду и звеню…»,Маяковский,1925,poetry
5410.txt,Солидарность | «Ярмарка. / Вовсю! / Нелепица на нелепице…»,Маяковский,1923,poetry
5411.txt,«Перед нашею / республикой / стоят богатые...»,Маяковский,1927,poetry
5412.txt,Ленинцы | «Если / блокада / нас не сморила…»,Маяковский,1930,poetry
5413.txt,«Мылом-цифрами / смойте с водки...»,Маяковский,1928,poetry
5414.txt,Война объявлена | «Вечернюю! Вечернюю! Вечернюю!..»,Маяковский,1914,poetry
5415.txt,Рассказ литейщика Ивана Козырева о вселении в новую квартиру | «Я пролетарий. / Объясняться лишне…»,Маяковский,1928,poetry
5416.txt,Издевательства | «Павлиньим хвостом распущу фантазию в пестром цикле…»,Маяковский,1916,poetry
5417.txt,Почему? | «Спортсменов / и мы / раструбить рады…»,Маяковский,1928,poetry
5418.txt,Мечта поэта | «Поэзия / любит / в мистику облекаться…»,Маяковский,1926,poetry
5419.txt,Кандидат из партии | «Сколько их? / Числа им нету…»,Маяковский,1929,poetry
5420.txt,"Гимн обеду | «Слава вам, идущие обедать миллионы!..»",Маяковский,1915,poetry
5421.txt,"О дряни | «Слава, Слава, Слава героям!...»",Маяковский,1921,poetry
5422.txt,"«Забуду год, день, число...»",Маяковский,1915,poetry
5423.txt,"Что ни страница, — то слон, то львица | «Льва показываю я...»",Маяковский,1926,poetry
5424.txt,«Объевшись рыбачьими шхунами досыта...»,Маяковский,1927,poetry
5425.txt,Из улицы в улицу | «У / лица. / Лица у / догов / годов / рез / че…»,Маяковский,1913,poetry
5426.txt,"Необычайное приключение, бывшее с Владимиром Маяковским летом на даче | «В сто сорок солнц закат пылал...»",Маяковский,1920,poetry
5427.txt,"Особое мнение | «Огромные вопросищи, / огромней слоних…»",Маяковский,1929,poetry
5428.txt,Дешевая распродажа | «Женщину ль опутываю в трогательный роман…»,Маяковский,1916,poetry
5429.txt,Утро | «Восемь. / Кричит / радиобудильник вежливый…»,Маяковский,1925,poetry
5430.txt,"Лучше тоньше, да лучше | «Я / не терплю книг…»",Маяковский,1928,poetry
5431.txt,"Лена | «Встаньте, товарищи, / прошу подняться...»",Маяковский,1927,poetry
5432.txt,Чье рождество? | «Праздники / на носу…»,Маяковский,1928,poetry
5433.txt,Арсенал ленинцев | «Наши танки / стопчут / и стены и лужи…»,Маяковский,1928,poetry
5434.txt,«Звякая / шпорами / довоенной выковки...»,Маяковский,1927,poetry
5435.txt,Идиллия | «Революция окончилась. / Житье чини...»,Маяковский,1928,poetry
5436.txt,Каждый сам себе ВЦИК | «Тверд / пролетарский суд…»,Маяковский,1928,poetry
5437.txt,Так и со мной | «Флоты — и то стекаются в гавани…»,Маяковский,1922,poetry
5438.txt,Нагрузка по макушку | «Комсомолец / Петр Кукушкин…»,Маяковский,1928,poetry
5439.txt,Гейнеобразное | «Молнию метнула глазами…»,Маяковский,1920,poetry
5440.txt,Фабрика мертвых душ | «Дело важное творя…»,Маяковский,1928,poetry
5441.txt,Атлантический океан | «Испанский камень / слепящ и бел…»,Маяковский,1925,poetry
5442.txt,Парижская коммуна | «Храните / память / бережней…»,Маяковский,1928,poetry
5443.txt,Последняя петербургская сказка | «Стоит император Петр Великий…»,Маяковский,1916,poetry
5444.txt,"О том, как некие сектантцы / зовут рабочего на танцы | «От смеха / на заводе — / стон...»",Маяковский,1928,poetry
5445.txt,"Крым | «Хожу, / гляжу в окно ли я —...»",Маяковский,1927,poetry
5446.txt,"Вдохновенная речь / про то, / как деньги увеличить / и уберечь | «В нашем хозяйстве...»",Маяковский,1927,poetry
5447.txt,Поход | «Летели…»,Маяковский,1925,poetry
5448.txt,Всем Титам и Власам РСФСР | «По хлебным пусть местам летит...»,Маяковский,1920,poetry
5449.txt,Товарищу машинистке | «К пишущему / массу исков...»,Маяковский,1927,poetry
5450.txt,Явление Христа | «Готовьте / возы / тюльпанов и роз…»,Маяковский,1928,poetry
5451.txt,Товарищу Нетте пароходу и человеку | «Я недаром вздрогнул. / Не загробный вздор...»,Маяковский,1926,poetry
5452.txt,"Себе, любимому, посвящает эти строки автор | «Четыре. / Тяжелые, как удар…»",Маяковский,1916,poetry
5453.txt,Слегка нахальные стихи / товарищам из ЭМКАХИ | «Прямо / некуда деваться…»,Маяковский,1928,poetry
5454.txt,«Массам непонятно» | «Между писателем / и читателем / стоят посредники...»,Маяковский,1927,poetry
5455.txt,Неразбериха | «Лубянская площадь. /На площади той…»,Маяковский,1921,poetry
5456.txt,Владимир Ильич Ленин | «Время — / начинаю / про Ленина рассказ…»,Маяковский,1924,poetry
5457.txt,Английский лидер | «Тактика буржуя / проста и верна...»,Маяковский,1927,poetry
5458.txt,"Стих / не про дрянь, / а про дрянцо. / Дрянцо / хлещите / рифм концом | «Всем известно, / что мною / дрянь…»",Маяковский,1928,poetry
5459.txt,«Из тучки месяц вылез...»,Маяковский,1927,poetry
5460.txt,««Кончайте войну! / Довольно! / Будет! / В этом / голодном году —...»,Маяковский,1927,poetry
5461.txt,Пресненские миражи | «Бегу и вижу — / всем в виду…»,Маяковский,1923,poetry
5462.txt,ПРОТЕСТУЮ!,Маяковский,1924,poetry
5463.txt,"Братья писатели | «Очевидно, не привыкну / сидеть в «Бристоле»…»",Маяковский,1917,poetry
5464.txt,Гнут | «Командав нахмурился. / Кажется — крышка!..»,Маяковский,1925,poetry
5465.txt,Октябрь | «Если / стих / сердечный раж…»,Маяковский,1926,poetry
5466.txt,"Долой шапки! | «Ну, и дура — / храбрость-то…»",Маяковский,1929,poetry
5467.txt,СЕВАСТОПОЛЬ — ЯЛТА,Маяковский,1924,poetry
5468.txt,"Даешь хлеб! | «Труд рабочего, / хлеб крестьян…»",Маяковский,1928,poetry
5469.txt,Легкая кавалерия | «Фабрикой / вывешен / жалобный ящик…»,Маяковский,1928,poetry
5470.txt,На работу | «Сквозь комнату — лифт. / Присел — / и вышел…»,Маяковский,1925,poetry
5471.txt,Наглядное пособие | «Вена. / Дрожит / от рева медного...»,Маяковский,1927,poetry
5472.txt,Путешествие с мамой | «Не вы — / не мама Альсандра Альсеевна…»,Маяковский,1923,poetry
5473.txt,Товарищ Иванов | «Товарищ Иванов — / мужчина крепкий...»,Маяковский,1927,poetry
5474.txt,Авиачастушки | «И ласточка и курица...»,Маяковский,1923,poetry
5475.txt,Баллада о почти что факте | «Завтрест / с возмущением / скребется в гриве…»,Маяковский,1928,poetry
5476.txt,«Звенящей болью любовь замоля…»,Маяковский,1917,poetry
5477.txt,Адище города | «Адище города окна разбили…»,Маяковский,1913,poetry
5478.txt,Cтабилизация быта | «После боев / и голодных пыток...»,Маяковский,1927,poetry
5479.txt,Император | «Помню — / то ли пасха…»,Маяковский,1928,poetry
5480.txt,Служака | «Появились / молодые…»,Маяковский,1928,poetry
5481.txt,Авиомобилизация | «Сегодня / забыли / сон и дрему…»,Маяковский,1925,poetry
5482.txt,"Счастье искусств | «Бедный, / бедный Пушкин!..»",Маяковский,1928,poetry
5483.txt,"Готовься... | «Думай, / товарищ, / о загранице…»",Маяковский,1928,poetry
5484.txt,"Военно-морская любовь | «По морям, играя, носится...»",Маяковский,1915,poetry
5485.txt,Не увлекайтесь нами | «Если тебе / «корова» имя…»,Маяковский,1929,poetry
5486.txt,«Уже второй должно быть ты легла...»,Маяковский,1930,poetry
5487.txt,Любовь | «Девушка пугливо куталась в болото…»,Маяковский,1913,poetry
5488.txt,Надоело | «Не высидел дома…»,Маяковский,1916,poetry
5489.txt,"Стихи о разнице вкусов | «Лошадь / сказала, / взглянув на верблюда…»",Маяковский,1928,poetry
5490.txt,"О патриархе Тихоне.почему суд над милостью ихней? | «Известно: / царь, урядник да поп…»",Маяковский,1923,poetry
5491.txt,Земля наша обильна | «Я езжу / по южному / берегу Крыма…»,Маяковский,1928,poetry
5492.txt,Надо бороться | «У хитрого бога…»,Маяковский,1929,poetry
5493.txt,"Английскому рабочему | «Вокзал оцепенел, / онемевает док…»",Маяковский,1926,poetry
5494.txt,"УХ, И ВЕСЕЛО!",Маяковский,1924,poetry
5495.txt,«Холод большой. / Зима здорова...»,Маяковский,1927,poetry
5496.txt,"Новый тип | «Нос на квинте, / щелки-глазки...»",Маяковский,1930,poetry
5497.txt,Никчемное самоутешение | «Мало извозчиков? / Тешьтесь ложью…»,Маяковский,1916,poetry
5498.txt,По кабелю пущен номер | «Тронул еле — волдырь на теле…»,Маяковский,1923,poetry
5499.txt,Ночь | «Багровый и белый отброшен и скомкан...»,Маяковский,1912,poetry
5500.txt,Перекопский энтузиазм!  | «Часто / сейчас / по улицам слышишь…»,Маяковский,1929,poetry
5501.txt,"Спасите! | «Стой, подушка! / Напрасное тщенье…»",Маяковский,1923,poetry
5502.txt,«8 октября...»,Маяковский,1916,poetry
5503.txt,ВЫВОЛАКИВАЙТЕ БУДУЩЕЕ!,Маяковский,1925,poetry
5504.txt,Радоваться рано | «Будущее ищем…»,Маяковский,1918,poetry
5505.txt,"Коминтерн | «Глядя / в грядущую грозу, / в грядущие грома...»",Маяковский,1923,poetry
5506.txt,Вегетарианцы | «Обликом / своим / белея…»,Маяковский,1928,poetry
5507.txt,Рассказ одного об одной мечте | «Мне / с лошадями / трудно тягаться…»,Маяковский,1928,poetry
5508.txt,Праздник урожая | «Раньше / праздновался / разный Кирилл / да Мефодий…»,Маяковский,1926,poetry
5509.txt,Радость | «В «ура» содрогающимся / ртам еще…»,Маяковский,1925,poetry
5510.txt,Вера | «Пусть во что хотите жданья удлинятся —...»,Маяковский,1923,poetry
5511.txt,«Посмотрите только...»,Маяковский,1928,poetry
5512.txt,"Рабочим Курска, добывшим первую руду, временный памятник работы Владимира Маяковского | «Было: / социализм — / восторженное слово!..»",Маяковский,1923,poetry
5513.txt,"Зову | «Поднял силачом, / понес акробатом…»",Маяковский,1922,poetry
5514.txt,Вечер | «Звонок. / — Алло! / Не разбираю имя я...»,Маяковский,1925,poetry
5515.txt,"Строго воспрещается | «Погода такая, / что маю впору…»",Маяковский,1926,poetry
5516.txt,Пернатые | «Перемириваются в мире…»,Маяковский,1923,poetry
5517.txt,"Дождемся ли мы жилья хорошего? / Товарищи, стройте хорошо и дешево! | «Десять лет — / и Москва и Иваново…»",Маяковский,1928,poetry
5518.txt,"Муж Феклы Давидовны со мной и со всеми знакомыми | «Потом, / извертясь вопросительным знаком…»",Маяковский,1923,poetry
5519.txt,"Мелкая философия / на глубоких местах | «Превращусь / не в Толстого, так в толстого…»",Маяковский,1925,poetry
5520.txt,Пустяк у оки | «Нежно говорил ей — / мы у реки…»,Маяковский,1915,poetry
5521.txt,"Размедвеженье | «Медведем, / когда он смертельно сердится…»",Маяковский,1923,poetry
5522.txt,"Письмо к любимой Молчанова, брошенной им, как о том сообщается в №219 «Комсомольской Правды» в стихе по имени «Свидание» | «Слышал — / вас Молчанов бросил...»",Маяковский,1927,poetry
5523.txt,Долг Украине | «Знаете ли вы / украинскую ночь?..»,Маяковский,1926,poetry
5524.txt,Вперед | «Одна / машина / выскользнула плавно…»,Маяковский,1925,poetry
5525.txt,"Вопль кустаря | «Товарищ писатель, / о себе ори…»",Маяковский,1928,poetry
5526.txt,Дачный случай | «Я нынешний год / проживаю опять…»,Маяковский,1928,poetry
5527.txt,"Фабриканты оптимистов | «Не то грипп, / не то инфлуэнца...»",Маяковский,1927,poetry
5528.txt,Обыкновенно так | «Любовь любому рожденному дадена…»,Маяковский,1922,poetry
5529.txt,Крест и шампанское | «Десятком кораблей…»,Маяковский,1928,poetry
5530.txt,"«Несется / жизнь, / овеевая...»",Маяковский,1927,poetry
5531.txt,Наше новогодие | ««Новый год!» / Для других это просто…»,Маяковский,1926,poetry
5532.txt,Богомольное | «Большевики / надругались над верой православной…»,Маяковский,1925,poetry
5533.txt,Непобедимое оружие | «Мы / окружены / границей белой…»,Маяковский,1928,poetry
5534.txt,Порт | «Простыни вод под брюхом были...»,Маяковский,1912,poetry
5535.txt,"Наш паровоз, стрелой лети... | «С белым букетом / из дымных роз…»",Маяковский,1926,poetry
5536.txt,"«Хвалить / не заставят / ни долг, / ни стих...»",Маяковский,1927,poetry
5537.txt,Нападение | «Начальник / спокойно / передвигает кожаный…»,Маяковский,1925,poetry
5538.txt,Наше воскресенье | «Еще старухи молятся…»,Маяковский,1923,poetry
5539.txt,"Гимн здоровью | «Среди тонконогих, жидких кровью…»",Маяковский,1915,poetry
5540.txt,Юношей | «Юношеству занятий масса…»,Маяковский,1922,poetry
5541.txt,"Разговор с товарищем Лениным | «Грудой дел, / суматохой явлений…»",Маяковский,1929,poetry
5542.txt,А вы могли бы? | «Я сразу смазал карту будня...»,Маяковский,1913,poetry
5543.txt,Мы отдыхаем | «Летом / вселенная / ездит на отдых…»,Маяковский,1928,poetry
5544.txt,«По мостовой...»,Маяковский,1913,poetry
5545.txt,Мои прогулки / сквозь улицы и переулки | «На Четвертых Лихоборах…»,Маяковский,1926,poetry
5546.txt,ВЛАДИКАВКАЗ — ТИФЛИС,Маяковский,1924,poetry
5547.txt,«Не нам / о богатых / песней казниться...»,Маяковский,1928,poetry
5548.txt,Ко всему | «Нет. / Это неправда. / Нет!/ И ты?..»,Маяковский,1916,poetry
5549.txt,МАЙ,Маяковский,1925,poetry
5550.txt,«Мария! Мария! Мария...»,Маяковский,1915,poetry
5551.txt,Стихи о советском паспорте | «Я волком бы / выгрыз / бюрократизм…»,Маяковский,1929,poetry
5552.txt,"Вот так я сделался собакой | «Ну, это совершенно невыносимо!..»",Маяковский,1915,poetry
5553.txt,ЯЛТА — НОВОРОССИЙСК,Маяковский,1925,poetry
5554.txt,Тревога | «Сорвете производство — / пятилетку провороните…»,Маяковский,1930,poetry
5555.txt,"«В рабочий подвал, / вонючий / и нищий...»",Маяковский,1928,poetry
5556.txt,«Телевоксы»? Что такое? | «С новым бытом!..»,Маяковский,1928,poetry
5557.txt,Приказ 2 армии искусств | «Это вам — / упитанные баритоны…»,Маяковский,1921,poetry
5558.txt,"Помощь Наркомпросу, / главискусству в кубе, / по жгучему вопросу, / вопросу о клубе | «Не знаю — / петь, / плясать ли…»",Маяковский,1928,poetry
5559.txt,Прозаседавшиеся | «Чуть ночь превратится в рассвет…»,Маяковский,1922,poetry
5560.txt,Марш комсомольца | «Комсомолец — / к ноге нога!..»,Маяковский,1923,poetry
5561.txt,7 Часов | «Восемь часов для труда…»,Маяковский,1928,poetry
5562.txt,Господин «народный артист» | «Вынув бумажник из-под хвостика фрака...»,Маяковский,1927,poetry
5563.txt,"В мировом масштабе | «Пишу про хулиганов, / как будто нанятый…»",Маяковский,1926,poetry
5564.txt,Новый кулак | «Кулака увидеть — / просто…»,Маяковский,1928,poetry
5565.txt,"Великолепные нелепости | «Бросьте! / Конечно, это не смерть…»",Маяковский,1915,poetry
5566.txt,Мысли в призыв | «Войне ли думать: / «Некрасиво в шраме»?..»,Маяковский,1914,poetry
5567.txt,Горб | «Арбат толкучкою давил...»,Маяковский,1923,poetry
5568.txt,СЕЛЬКОР,Маяковский,1924,poetry
5569.txt,«Ходят / спекулянты / вокруг Главтопа...»,Маяковский,1927,poetry
5570.txt,"«Ешь ананасы, рябчиков жуй...»",Маяковский,1917,poetry
5571.txt,"Тигр и киса | «Кипит, как чайник…»",Маяковский,1929,poetry
5572.txt,Студенту пролетарию | «Тяжек / разрух / груз…»,Маяковский,1928,poetry
5573.txt,"Пример, не достойный подражания | «Все — / в ораторском таланте...»",Маяковский,1929,poetry
5574.txt,"Безработный | «Веселый автобус / то фыркнет, то визгнет…»",Маяковский,1928,poetry
5575.txt,Почему? | «В сердце / без лесенки...»,Маяковский,1927,poetry
5576.txt,Всесоюзный поход | «В революции / в культурной…»,Маяковский,1928,poetry
5577.txt,От усталости | «Земля! / Дай исцелую твою лысеющую голову…»,Маяковский,1913,poetry
5578.txt,Даешь тухлые яйца! | «Комната / проходная…»,Маяковский,1928,poetry
5579.txt,"Гевлок Вильсон | «Товарищ, / вдаль / за моря запусти...»",Маяковский,1927,poetry
5580.txt,Дом Герцена | «Расклокотался в колокол Герцен…»,Маяковский,1928,poetry
5581.txt,"Письмо товарищу Кострову / из Парижа / о сущности любви | «Простите / меня, / товарищ Костров…»",Маяковский,1928,poetry
5582.txt,"Изобретательская семидневка | «Товарищи, / мой / педагогический стих…»",Маяковский,1929,poetry
5583.txt,"Письмо писателя Владимира Владимировича Маяковского писателю Алексею Максимовичу Горькому | «Алексей Максимович, / как помню, / между нами…»",Маяковский,1926,poetry
5584.txt,"Привет, Ким! | «Рабство / с земли / скинь!..»",Маяковский,1928,poetry
5585.txt,"Еврей | «Бывало, / начни о вопросе еврейском…»",Маяковский,1926,poetry
5586.txt,"Про что — про это? | «В этой теме, / и личной / и мелкой…»",Маяковский,1923,poetry
5587.txt,Следующий день | «Вбежал. / Запыхался победы гонец…»,Маяковский,1916,poetry
5588.txt,Любовь | «Мир / опять / цветами оброс…»,Маяковский,1926,poetry
5589.txt,"Секрет молодости | «Нет, / не те «молодежь»…»",Маяковский,1928,poetry
5590.txt,"Последний крик | «О, сколько / женского народу...»",Маяковский,1929,poetry
5591.txt,ВОТ ДЛЯ ЧЕГО МУЖИКУ САМОЛЕТ,Маяковский,1925,poetry
5592.txt,КОМСОМОЛЬСКАЯ,Маяковский,1924,poetry
5593.txt,"Воровский | «Сегодня, / пролетариат, / гром голосов раскуй…»",Маяковский,1923,poetry
5594.txt,После изъятий | «Известно: / у меня / и у бога…»,Маяковский,1922,poetry
5595.txt,"Вперед, / комсомольцы! | «Старый быт — / лют…»",Маяковский,1928,poetry
5596.txt,В  12 часов по ночам | «Прочел: / «Почила в бозе...»…»,Маяковский,1929,poetry
5597.txt,«Это что ж за такая за нефть?..»,Маяковский,1927,poetry
5598.txt,Мразь | «Подступает / голод к гландам…»,Маяковский,1928,poetry
5599.txt,"О том, как у Керзона с обедом  разрасталась аппетитов зона | «Керзон разразился ультиматумом…»",Маяковский,1923,poetry
5600.txt,Первый из пяти | «Разиньте / шире / глаза раскаленные…»,Маяковский,1929,poetry
5601.txt,«За всех вас...»,Маяковский,1915,poetry
5602.txt,Несколько слов о моей маме | «У меня есть мама на васильковых обоях…»,Маяковский,1913,poetry
5603.txt,Враги хлеба | «Кто / не любит / щи хлебать?..»,Маяковский,1928,poetry
5604.txt,Что такое хорошо и что такое плохо? | «Крошка сын / к отцу пришел...»,Маяковский,1925,poetry
5605.txt,"Что такое парк? | «Ясно каждому, / что парк…»",Маяковский,1928,poetry
5606.txt,"Разговор на одесском рейде десантных судов: «Советский Дагестан» и «Красная Абхазия» | «Перья-облака, / закат расканарейте!..»",Маяковский,1926,poetry
5607.txt,За женщиной | «Раздвинув локтем тумана дрожжи...»,Маяковский,1913,poetry
5608.txt,Долой! | «Старья лирозвоны / умели вывести…»,Маяковский,1929,poetry
5609.txt,"Ничего не понимают | «Вошел к парикмахеру, сказал — спокойный…»",Маяковский,1913,poetry
5610.txt,"Глупая история | «В любом учрежденье, / куда ни препожалуйте...»",Маяковский,1927,poetry
5611.txt,"Стихотворение / о проданной телятине | ««Париж! / Париж!.. / приедешь, угоришь!»…»",Маяковский,1928,poetry
5612.txt,Странно... но верно | «Несся / крик / из мира старого…»,Маяковский,1928,poetry
5613.txt,Свидетельствую | «Вид индейцев таков…»,Маяковский,1926,poetry
5614.txt,Телефон бросается на всех | «Протиснувшись чудом сквозь тоненький шнур…»,Маяковский,1923,poetry
5615.txt,"Вывод | «Не смоют любовь / ни ссоры, / ни версты…»",Маяковский,1922,poetry
5616.txt,Наш марш | «Бейте в площади бунтов топот!..»,Маяковский,1917,poetry
5617.txt,Гимназист или строитель | «Были / у папочки...»,Маяковский,1927,poetry
5618.txt,Несколько слов о моей жене | «Морей неведомых далеким пляжем…»,Маяковский,1913,poetry
5619.txt,«Мне / рассказывал / тихий еврей...»,Маяковский,1927,poetry
5620.txt,"Дядя ЭМЭСПЭО | «Славлю, / от восторга воя…»",Маяковский,1928,poetry
5621.txt,«Разлегся... / распластан рвотною лужею...»,Маяковский,1928,poetry
5622.txt,Схема смеха | «Выл ветер и не знал о ком...»,Маяковский,1923,poetry
5623.txt,"Скрипка и немножко нервно | «Скрипка издергалась, упрашивая, / и вдруг разревелась / так по-детски…»",Маяковский,1914,poetry
5624.txt,"«Время — / вещь / необычайно длинная, —...»",Маяковский,1927,poetry
5625.txt,Друзья | «А вороны гости?! / Дверье крыло…»,Маяковский,1923,poetry
5626.txt,Предисловие | «В «Правде» / пишется правда. / В «Известиях» — / известия…»,Маяковский,1925,poetry
5627.txt,Труд | «Завод. / Главвоздух. / Делают вообще они…»,Маяковский,1925,poetry
5628.txt,Конь-огонь | «Сын / отцу твердил раз триста…»,Маяковский,1927,poetry
5629.txt,«Нерон...»,Маяковский,1916,poetry
5630.txt,Тропики | «Смотрю: / вот это — / тропики...»,Маяковский,1926,poetry
5631.txt,История Власа — лентяя и лоботряса | «Влас Прогулкин — / милый мальчик...»,Маяковский,1926,poetry
5632.txt,Товарищу подростку | «Попами / столетия…»,Маяковский,1930,poetry
5633.txt,"Сифилис | «Пароход подошел, / завыл, / погудел…»",Маяковский,1926,poetry
5634.txt,Приказ по армии искусства | «Канителят стариков бригады…»,Маяковский,1918,poetry
5635.txt,О балладе и о балладах | «Немолод очень лад баллад…»,Маяковский,1923,poetry
5636.txt,"Американцы удивляются | «Обмерев, / с далекого берега…»",Маяковский,1929,poetry
5637.txt,Рассказ Хренова о Кузнецкстрое и о людях Кузнецка | «По небу / тучи бегают…»,Маяковский,1929,poetry
5638.txt,«Уже второй / должно быть ты легла...»,Маяковский,1930,poetry
5639.txt,Застрельщики | «Довольно / ползало / время-гад…»,Маяковский,1929,poetry
5640.txt,Рождественские пожелания и подарки | «Лучше / мысль о елках / навсегда оставь…»,Маяковский,1926,poetry
5641.txt,"«Скрыла / та зима, / худа и строга...»",Маяковский,1927,poetry
5642.txt,"Про пешеходов и разинь, / вонзивших глазки небу в синь | «Улица — / меж домами / как будто ров…»",Маяковский,1928,poetry
5643.txt,"Что вышло | «Больше чем можно, / больше чем надо…»",Маяковский,1922,poetry
5644.txt,Левый марш | «Разворачивайтесь в марше!...»,Маяковский,1918,poetry
5645.txt,"Электричество — вид энергии | «Культура велит, / — бери на учет…»",Маяковский,1928,poetry
5646.txt,Безыменскому | «Уберите от меня / этого / бородатого комсомольца!..»,Маяковский,1930,poetry
5647.txt,"По городам союза | «Россия — всё: / и коммуна, / и волки...»",Маяковский,1927,poetry
5648.txt,"Уткину | «О бард, / сгитарьте тарарайра нам!..»",Маяковский,1930,poetry
5649.txt,"«Жид» | «Черт вас возьми, / черносотенная слизь…»",Маяковский,1928,poetry
5650.txt,Секундантша | «От сна / чуть видно — / точка глаз…»,Маяковский,1923,poetry
5651.txt,Тревога | «Летчик / открыл / горящий газ…»,Маяковский,1925,poetry
5652.txt,Мы идем | «Кто вы? / Мы / разносчики новой веры…»,Маяковский,1919,poetry
5653.txt,Детский театр из собственной квартирки — / вышибают товарищи сатирики | «У «Театра / сатиры»…»,Маяковский,1928,poetry
5654.txt,Душа общества | «Из года в год / легенда тянется…»,Маяковский,1929,poetry
5655.txt,Сердечная просьба | ««Ку-ль-т-у-р-р-рная р-р-р-еволюция!»…»,Маяковский,1928,poetry
5656.txt,"Возвращение Маяковского | «Вставай, / довольно! / На солнце очи!..»",Маяковский,1917,poetry
5657.txt,Весна | «Город зимнее снял…»,Маяковский,1918,poetry
5658.txt,Владимир Ильич! | «Я знаю — / не герои / низвергают революций лаву…»,Маяковский,1920,poetry
5659.txt,Барышня и Вульворт | «Бродвей сдурел. / Бегня и гулево…»,Маяковский,1925,poetry
5660.txt,Протекция | «Обыватель Михин…»,Маяковский,1926,poetry
5661.txt,"Мы | «Мы — / Эдисоны / невиданных взлетов, / энергий / и светов…»",Маяковский,1929,poetry
5662.txt,"Жизнь Маяковского | «Ревом встревожено логово банкиров, вельмож и дожей…»",Маяковский,1917,poetry
5663.txt,Размышления о Молчанове Иване и о поэзии | «Я взял газету / и лег на диван...»,Маяковский,1927,poetry
5664.txt,Ротонда | «Стены в тустепе ломались / на три…»,Маяковский,1923,poetry
5665.txt,Смыкай ряды! | «Чтоб крепла трудовая Русь...»,Маяковский,1923,poetry
5666.txt,Человек из-за 7-ми лет | «Волны устои стальные моют…»,Маяковский,1923,poetry
5667.txt,"«Общее» и «мое» | «Чуть-чуть еще, и / он / почти б…»",Маяковский,1928,poetry
5668.txt,Польша | «Хотя / по Варшаве / ходят резво...»,Маяковский,1927,poetry
5669.txt,Да или нет? | «Сегодня / пулей / наемной руки...»,Маяковский,1927,poetry
5670.txt,Хулиган | «Ливень докладов. / Преете? / Прей!..»,Маяковский,1926,poetry
5671.txt,Моя речь на генуэзской конференции | «Не мне российская делегация вверена…»,Маяковский,1922,poetry
5672.txt,"Работникам стиха и прозы, / на лето едущим в колхозы | «Что пожелать вам, / сэр Замятин?..»",Маяковский,1928,poetry
5673.txt,Маленькая цена с пушистым хвостом | «Сидит милка / на крыльце...»,Маяковский,1927,poetry
5674.txt,«Петербургские окна. / Синё и темно...»,Маяковский,1927,poetry
5675.txt,№17 | «Кому / в Москве / неизвестна Никольская?..»,Маяковский,1928,poetry
5676.txt,«Версты улиц взмахами шагов мну...»,Маяковский,1915,poetry
5677.txt,"Евпатория | «Чуть вздыхает волна, / и, вторя ей…»",Маяковский,1928,poetry
5678.txt,Две культуры | «Пошел я в гости / (в те года)…»,Маяковский,1928,poetry
5679.txt,Во весь голос | «Уважаемые / товарищи потомки!..»,Маяковский,1930,poetry
5680.txt,"Смена убеждений | «Он шел, / держась / за прутья перил…»",Маяковский,1929,poetry
5681.txt,Три тысячи и три сестры | «Помните / раньше / дела провинций?..»,Маяковский,1928,poetry
5682.txt,"Бруклинский мост | «Издай, Кулидж…»",Маяковский,1925,poetry
5683.txt,"Даешь материальную базу! | «Пусть ропщут поэты, / слюною плеща…»",Маяковский,1929,poetry
5684.txt,На что жалуетесь? | «Растет / курьерский / строительный темп…»,Маяковский,1929,poetry
5685.txt,Дом Союзов 17 июля | «С чем / в поэзии / не сравнивали Коминтерна?..»,Маяковский,1928,poetry
5686.txt,"Красные арапы | «Лицо / белее, / чем призрак в белье…»",Маяковский,1928,poetry
5687.txt,"Ода Революции | «Тебе, / освистанная, / осмеянная батареями…»",Маяковский,1918,poetry
5688.txt,Кино и вино | «Сказал / философ из Совкино…»,Маяковский,1928,poetry
5689.txt,Гуляем | «Вот Ваня / с няней…»,Маяковский,1925,poetry
5690.txt,"Рассказ рабочего Павла Катушкина / о приобретении одного чемодана | «Я / завел / чемоданчик, братцы…»",Маяковский,1928,poetry
5691.txt,«Я знаю силу слов я знаю слов набат...»,Маяковский,1930,poetry
5692.txt,Они и мы | «В даль глазами лезу я...»,Маяковский,1929,poetry
5693.txt,Мама и убитый немцами вечер | «По черным улицам белые матери…»,Маяковский,1914,poetry
5694.txt,"Война, которая будет сейчас | «Когда / перелистываем / газетный лист мы…»",Маяковский,1925,poetry
5695.txt,"Радио | «Рабочих, / крестьян / и летные кадры…»",Маяковский,1925,poetry
5696.txt,«Ленин с нами!» | «Бывают события: / случатся раз...»,Маяковский,1927,poetry
5697.txt,К ответу! | «Гремит и гремит войны барабан…»,Маяковский,1917,poetry
5698.txt,"Десятилетняя песня | «Дрянь адмиральская, / пан / и барон...»",Маяковский,1928,poetry
5699.txt,"Мы вас ждем, товарищ птица, отчего вам не летится? | «Несется клич / со всех концов…»",Маяковский,1927,poetry
5700.txt,«Чтоб коммунизм / не пропили мы...»,Маяковский,1928,poetry
5701.txt,Добудь второй! | «Рабочая / родина родин…»,Маяковский,1928,poetry
5702.txt,"Две Москвы | «Когда автобус, / пыль развеяв…»",Маяковский,1926,poetry
5703.txt,Париж | «Обшаркан мильоном ног…»,Маяковский,1923,poetry
5704.txt,"Дела вузные, / хорошие и конфузные | «Вопит / за границей / газетный рой...»",Маяковский,1927,poetry
5705.txt,Негритоска Петрова | «У Петровой / у Надежды...»,Маяковский,1927,poetry
5706.txt,Вознесение Маяковского | «Глазами взвила ввысь стрелу…»,Маяковский,1917,poetry
5707.txt,"Послание пролетарским поэтам | «Товарищи, / позвольте / без позы, / без маски…»",Маяковский,1926,poetry
5708.txt,Рифмованные лозунги | «Возможен ли / социализм / в безграмотной стране?..»,Маяковский,1927,poetry
5709.txt,"Христофор Коломб | «Вижу, как сейчас, / объедки да бутылки…»",Маяковский,1925,poetry
5710.txt,"Вам! | «Вам, проживающим за оргией оргию…»",Маяковский,1915,poetry
5711.txt,ЗДРАВСТВУЙТЕ!,Маяковский,1924,poetry
5712.txt,Газетный день | «Рабочий / утром /глазеет в газету…»,Маяковский,1923,poetry
5713.txt,КРАСНАЯ ЗАВИСТЬ,Маяковский,1925,poetry
5714.txt,Мальчишкой | «Я в меру любовью был одаренный…»,Маяковский,1922,poetry
5715.txt,"Про госторг и кошку, / про всех понемножку | «Динь, динь, дон, / динь, динь, дон...»",Маяковский,1927,poetry
5716.txt,"С товарищеским приветом, Маяковский | «Дралось / некогда / греков триста…»",Маяковский,1919,poetry
5717.txt,Аэробитва | «Не различить / горизонта слитого…»,Маяковский,1925,poetry
5718.txt,Что может сделаться с человеком! | «Красивый вид. / Товарищи! / Взвесьте!...»,Маяковский,1923,poetry
5719.txt,"Интернациональная басня | «Петух однажды, / дог / и вор...»",Маяковский,1917,poetry
5720.txt,Порядочный гражданин | «Если глаз твой / врага не видит…»,Маяковский,1925,poetry
5721.txt,«Политика — / проста. / Как воды глоток...»,Маяковский,1927,poetry
5722.txt,НА ПОМОЩЬ,Маяковский,1924,poetry
5723.txt,Протекающая комната | «Кровать. / Железки. / Барахло одеяло…»,Маяковский,1923,poetry
5724.txt,Майская песенка | «Зеленые листики…»,Маяковский,1928,poetry
5725.txt,«Эй...»,Маяковский,1916,poetry
5726.txt,"Стихи о Фоме | «Мы строим коммуну, / и жизнь / сама…»",Маяковский,1929,poetry
5727.txt,Трус | «В меру / и черны и русы…»,Маяковский,1928,poetry
5728.txt,"Романс | «Мальчик шел, в закат глаза уставя…»",Маяковский,1923,poetry
5729.txt,Исчерпывающая картина весны | «Листочки...»,Маяковский,1913,poetry
5730.txt,Галопщик по писателям | «Тальников / в «Красной нови»…»,Маяковский,1928,poetry
5731.txt,«Славьте меня...»,Маяковский,1915,poetry
5732.txt,Первые коммунары | «Немногие помнят / про дни про те...»,Маяковский,1927,poetry
5733.txt,Лиличка! | «Дым табачный воздух выел…»,Маяковский,1916,poetry
5734.txt,Сердитый дядя | «В газету / заметка / сдана рабкором...»,Маяковский,1927,poetry
5735.txt,Хорошее отношение к лошадям | «Били копыта./ Пели будто…»,Маяковский,1918,poetry
5736.txt,Марш — оборона | «Семнадцать и двадцать…»,Маяковский,1928,poetry
5737.txt,Подлиза | «Этот сорт народа — / тих ...»,Маяковский,1928,poetry
5738.txt,"«Вы думаете, это бредит малярия...»",Маяковский,1915,poetry
5739.txt,Кем быть? | «У меня растут года…»,Маяковский,1928,poetry
5740.txt,ТВЕРДЫЕ ДЕНЬГИ — / ТВЕРДАЯ ПОЧВА ДЛЯ СМЫЧКИ / КРЕСТЬЯНИНА И РАБОЧЕГО,Маяковский,1924,poetry
5741.txt,"Сказка для шахтера-друга про шахтерки, чуни и каменный уголь | «Раз шахтеры / шахты близ ...»",Маяковский,1921,poetry
5742.txt,Славянский вопрос-то / решается просто | «Я до путешествий / очень лаком...»,Маяковский,1927,poetry
5743.txt,Итог | «Только что / в окошечный / в кусочек прокопчённый...»,Маяковский,1923,poetry
5744.txt,Парижанка | «Вы себе представляете / парижских женщин…»,Маяковский,1929,poetry
5745.txt,"ГУЛОМ ВОССТАНИЙ, / НА ЭХО ПОМНОЖЕННЫМ, / ОБ ЭТОМ ДАДУТ / НАСТОЯЩИЙ СТИХ, / А Я / ЛИШЬ ТО, / ЧТО СЕГОДНЯ МОЖНО, / СКАЖУ / О ДЕЛЕ 26-ти",Маяковский,1924,poetry
5746.txt,Теоретики | «С интеллигентским / обличием редьки…»,Маяковский,1929,poetry
5747.txt,"О том, / как некоторые / втирают очки / товарищам, / имеющим циковские / значки | «Двое. / В петлицах краснеют флажки…»",Маяковский,1926,poetry
5748.txt,"Письмо / Татьяне Яковлевой | «В поцелуе рук ли, / губ ли…»",Маяковский,1928,poetry
5749.txt,Гимн ученому | «Народонаселение всей империи…»,Маяковский,1915,poetry
5750.txt,"Маяковский векам | «Куда я, / зачем я? / Улицей сотой…»",Маяковский,1917,poetry
5751.txt,Что? | «Крою / пиво пенное...»,Маяковский,1927,poetry
5752.txt,Пиво и социализм | «Блюет напившийся. / Склонился ивой...»,Маяковский,1927,poetry
5753.txt,Нашему юношеству | «На сотни эстрад бросает меня...»,Маяковский,1927,poetry
5754.txt,"Во избежание умственных брожений | «стихи написав, / объясняю их…»",Маяковский,1928,poetry
5755.txt,"Уличное | «В шатрах, истертых ликов цвель где...»",Маяковский,1913,poetry
5756.txt,"О «фиасках», «апогеях» и других неведомых вещах | «На съезде печати / у товарища Калинина…»",Маяковский,1923,poetry
5757.txt,Повальная болезнь | «Красная Спартакиада...»,Маяковский,1928,poetry
5758.txt,Без руля и без ветрил | «На эфирном океане…»,Маяковский,1928,poetry
5759.txt,Плюшкин. / После / октябрьский скопидом / обстраивает стол и дом | «Обыватель — / многосортен…»,Маяковский,1928,poetry
5760.txt,Просветление мира | «Застыли докладчики всех заседаний…»,Маяковский,1923,poetry
5761.txt,Всехные родители | «Володя! / На Рождество!..»,Маяковский,1923,poetry
5762.txt,Сказка о красной шапочке | «Жил да был на свете кадет…»,Маяковский,1917,poetry
5763.txt,Лунная ночь | «Будет луна. / Есть уже / немножко…»,Маяковский,1916,poetry
5764.txt,Страсти Маяковского | «Слышите? / Слышите лошажье ржанье?..»,Маяковский,1917,poetry
5765.txt,«Всосалась / в горлышко узкое...»,Маяковский,1928,poetry
5766.txt,Отречемся | «Дом за домом / крыши вздымай…»,Маяковский,1929,poetry
5767.txt,«море уходит вспять...»,Маяковский,1930,poetry
5768.txt,"Баллада о доблестном Эмиле | «Замри, народ! Любуйся, тих!..»",Маяковский,1922,poetry
5769.txt,Ничего не поделаешь | «До чего ж…»,Маяковский,1923,poetry
5770.txt,"Рифмованный отчет. / Так и надо — / Крой, Спартакиада! | «Щеки, / знамена — / красные маки…»",Маяковский,1928,poetry
5771.txt,III Интернационал | «Мы идем / революционной лавой…»,Маяковский,1920,poetry
5772.txt,ПРОЧЬ РУКИ ОТ КИТАЯ!,Маяковский,1924,poetry
5773.txt,"Мрачное о юмористах | «Где вы, / бодрые задиры?..»",Маяковский,1929,poetry
5774.txt,"Первомайское поздравление | «Товарищ солнце, — не щерься и не ящерься!..»",Маяковский,1926,poetry
5775.txt,"Продолжение прогулок / из улицы в переулок | «Стой, товарищ! / Ко всем к вам…»",Маяковский,1926,poetry
5776.txt,Невозможно | «Один не смогу — / не снесу рояля…»,Маяковский,1922,poetry
5777.txt,"Казань | «Стара, / коса…»",Маяковский,1928,poetry
5778.txt,«На девять / сюда / октябрей и маёв...»,Маяковский,1927,poetry
5779.txt,На земле мир. во человецех благоволение | «Радостный крик греми…»,Маяковский,1923,poetry
5780.txt,Баллада о бюрократе и о рабкоре | «Балладу / новую / вытрубить рад…»,Маяковский,1928,poetry
5781.txt,"Не все то золото, что хозрасчет | «Рынок / требует / любовные стихозы...»",Маяковский,1927,poetry
5782.txt,"Прочти и катай в Париж и в Китай | «Собирайтесь, ребятишки...»",Маяковский,1927,poetry
5783.txt,"Венера Милосская / и Вячеслав Полонский | «Сегодня я, / поэт, / боец за будущее...»",Маяковский,1927,poetry
5784.txt,Призыв | «Теперь / к террору / от словесного сора...»,Маяковский,1927,poetry
5785.txt,Критика самокритики | «Модою — / объяты все…»,Маяковский,1928,poetry
5786.txt,Лозунги к комсомольской перекличке. Готовься! Целься! | «На классовом фронте / ширятся стычки…»,Маяковский,1929,poetry
5787.txt,Чугунные штаны | «Саксонская площадь; / с площади плоской...»,Маяковский,1927,poetry
5788.txt,"Что такое? | «Петр Иваныч, / что такое?..»",Маяковский,1929,poetry
5789.txt,Ханжа | «Петр Иванович Васюткин ...»,Маяковский,1928,poetry
5790.txt,О. Д. В. Ф.,Маяковский,1925,poetry
5791.txt,"БУРЖУЙ, / ПРОЩАЙСЯ С ПРИЯТНЫМИ ДЕНЬКАМИ — // ДОБЬЕМ / ОКОНЧАТЕЛЬНО / ТВЕРДЫМИ ДЕНЬГАМИ",Маяковский,1924,poetry
5792.txt,Стихотворение одежно-молодежное | «В известном октябре / известного годика…»,Маяковский,1930,poetry
5793.txt,Бумажные ужасы | «Если б / в пальцах / держал / земли бразды я...»,Маяковский,1927,poetry
5794.txt,Строки охальные про вакханалии пасхальные | «Известно: / буржуй вовсю жрет…»,Маяковский,1923,poetry
5795.txt,"Случайная станция | «С разлету рванулся — / и стал, / и на мель…»",Маяковский,1923,poetry
5796.txt,"Когда голод грыз прошлое лето, что делала власть советов? | «Все знают: / в страшный год, / когда...»",Маяковский,1923,poetry
5797.txt,Рапорт профсоюзов | «Прожив года / и голодные и ярые...»,Маяковский,1927,poetry
5798.txt,Боль были | «Из облака вызрела лунная дынка…»,Маяковский,1923,poetry
5799.txt,Голос Красной площади | «В радио / белой Европы...»,Маяковский,1927,poetry
5800.txt,"Стоящим на посту | «Жандармы вселенной, / вылоснив лица…»",Маяковский,1926,poetry
5801.txt,Мета | «Мороз повел суровым глазом...»,Маяковский,1927,poetry
5802.txt,Соберитесь и поговорите-ка | «вровень / с критикой / писателя и художника…»,Маяковский,1928,poetry
5803.txt,"Повторение пройденного | «Руки крестом, / крестом / на вершине…»",Маяковский,1923,poetry
5804.txt,"Последнее | «Ширь, / бездомного / снова / лоном твоим прими!..»",Маяковский,1917,poetry
5805.txt,Корона и кепка | «Царя вспоминаю — / и меркнут слова...»,Маяковский,1927,poetry
5806.txt,"Рассказ про то, как кума о Врангеле толковала без всякого ума | «Врангель прет. / Отходим мы. ...»",Маяковский,1920,poetry
5807.txt,Помните! | «Плохая / погодка / у нас на Ламанше…»,Маяковский,1929,poetry
5808.txt,Февраль | «Стекались / в рассвете / раненько-раненько...»,Маяковский,1927,poetry
5809.txt,Мы не верим! | «Тенью истемня весенний день...»,Маяковский,1923,poetry
5810.txt,Гимн взятке | «Пришли и славословим покорненько…»,Маяковский,1915,poetry
5811.txt,Стихи о красотах архитектуры | «Красивые шпили / домов-рапир…»,Маяковский,1928,poetry
5812.txt,"Помпадур | «Мне неведомо, / в кого я попаду…»",Маяковский,1928,poetry
5813.txt,"Рождество Маяковского | «Знаю, / не призовут мое имя / грешники, / задыхающиеся в аду…»",Маяковский,1917,poetry
5814.txt,«Пьяному / водка / всего превыше.»,Маяковский,1928,poetry
5815.txt,Урожайный марш | «Добьемся урожая мы —...»,Маяковский,1929,poetry
5816.txt,"«Дул, / как всегда, / октябрь / ветра?ми...»",Маяковский,1927,poetry
5817.txt,Фантастическая реальность | «Бегут берега — / за видом вид…»,Маяковский,1923,poetry
5818.txt,"Чудеса! | «Как днище бочки, / правильным диском...»",Маяковский,1927,poetry
5819.txt,Горящий волос | «Много / чудес / в Москве имеется…»,Маяковский,1928,poetry
5820.txt,Божественная картинка | «Христу / причинили бы много обид…»,Маяковский,1928,poetry
5821.txt,Крым | «И глупо звать его / «Красная Ницца»…»,Маяковский,1928,poetry
5822.txt,Сельвинский | «Чтоб желуди с меня / удобней воровать...»,Маяковский,1930,poetry
5823.txt,Солнечный флаг | «Первое Мая. / Снега доконавши…»,Маяковский,1928,poetry
5824.txt,Весенняя ночь | «Мир / теплеет / с каждым туром…»,Маяковский,1928,poetry
5825.txt,Давиду Штеренбергу — Владимир Маяковский | «Милый Давид! / При вашем имени…»,Маяковский,1923,poetry
5826.txt,Лыжная звезда | «Метр за метром…»,Маяковский,1928,poetry
5827.txt,Полусмерть | «Надо / немного обветрить лоб…»,Маяковский,1923,poetry
5828.txt,Возвращение | «Утром / с запада / появились точки…»,Маяковский,1925,poetry
5829.txt,"Не юбилейте! | «Мне б хотелось / про Октябрь сказать, / не в колокол названивая…»",Маяковский,1926,poetry
5830.txt,Деваться некуда | «Так с топором влезают в сон…»,Маяковский,1923,poetry
5831.txt,"Последняя страничка гражданской войны | «Слава тебе, краснозвездный герой!..»",Маяковский,1921,poetry
5832.txt,Это те же | «Длятся / игрища спартакиадные…»,Маяковский,1928,poetry
5833.txt,"«В такие ночи, / в такие дни...»",Маяковский,1927,poetry
5834.txt,«Это случилось в одну из осеней...»,Маяковский,1916,poetry
5835.txt,Вонзай самокритику! | «Наш труд / сверкает на «Гиганте»...»,Маяковский,1929,poetry
5836.txt,ЮБИЛЕЙНОЕ,Маяковский,1924,poetry
5837.txt,Даешь! | «У города / страшный вид…»,Маяковский,1929,poetry
5838.txt,Сплетник | «Петр Иванович Сорокин…»,Маяковский,1928,poetry
5839.txt,"Ну, что ж! | «Раскрыл я / с тихим шорохом...»",Маяковский,1927,poetry
5840.txt,Поиски носков | «В сердце / будто / заноза ввинчена…»,Маяковский,1928,poetry
5841.txt,Лозунги-рифмы | «Десять лет боевых прошло…»,Маяковский,1928,poetry
5842.txt,«Даешь изячную жизнь» | «Даже / мерин сивый...»,Маяковский,1927,poetry
5843.txt,Отношение к барышне | «Этот вечер решал — / не в любовники выйти ль нам?...»,Маяковский,1920,poetry
5844.txt,"ПРОЛЕТАРИЙ, В ЗАРОДЫШЕ ЗАДУШИ ВОЙНУ!",Маяковский,1924,poetry
5845.txt,"Солдаты Дзержинского | «Тебе, поэт, / тебе, певун...»",Маяковский,1927,poetry
5846.txt,6 монахинь | «Воздев / печеные / картошки личек…»,Маяковский,1925,poetry
5847.txt,ДВА МАЯ,Маяковский,1925,poetry
5848.txt,Поп | «Сколько / от сатириков / доставалось попам…»,Маяковский,1928,poetry
5849.txt,Буржуй-нуво | «Распознать буржуя — / просто…»,Маяковский,1928,poetry
5850.txt,КИЕВ,Маяковский,1924,poetry
5851.txt,Общее руководство для начинающих подхалим | «В любом учреждении / есть подхалим...»,Маяковский,1927,poetry
5852.txt,Моя речь на показательном процессе по случаю возможного скандала с лекциями профессора Шенгели | «Я тру / ежедневно / взморщенный лоб...»,Маяковский,1927,poetry
5853.txt,"Понедельник – субботник | «Выходи, / разголося...»",Маяковский,1927,poetry
5854.txt,Только б не ты | «Стою у стенки. / Я не я…»,Маяковский,1923,poetry
5855.txt,"Последняя смерть | «Хлеще ливня, / грома бодрей…»",Маяковский,1923,poetry
5856.txt,1-е мая | «Поэты — / народ дошлый…»,Маяковский,1923,poetry
5857.txt,Надежда | «Сердце мне вложи! / Кровищу — / до последних жил...»,Маяковский,1923,poetry
5858.txt,150 000 000  | «150 000 000 мастера этой поэмы имя…»,Маяковский,1920,poetry
5859.txt,«Царям / дворец / построил Растрелли...»,Маяковский,1927,poetry
5860.txt,"Было — есть | «Все хочу обнять, / да не хватит пыла...»",Маяковский,1927,poetry
5861.txt,Мощь Британии | «Британская мощь / целиком на морях...»,Маяковский,1927,poetry
5862.txt,Кофта фата | «Я сошью себе черные штаны/ из бархата голоса моего…»,Маяковский,1914,poetry
5863.txt,IV Интернационал  | «Были белые булки. / Более…»,Маяковский,1922,poetry
5864.txt,ДВА БЕРЛИНА,Маяковский,1924,poetry
5865.txt,«Англичанка мутит» | «Сложны / и путаны / пути политики...»,Маяковский,1927,poetry
5866.txt,Мы | «Лезем земле под ресницами вылезших пальм…»,Маяковский,1913,poetry
5867.txt,"На западе все спокойно | «Как совесть голубя, / чист асфальт…»",Маяковский,1929,poetry
5868.txt,Автобусом по Москве | «Десять прошло. / Понимаете? / Десять!..»,Маяковский,1927,poetry
5869.txt,"Ответ на будущие сплетни | «Москва / меня / обступает, сипя…»",Маяковский,1928,poetry
5870.txt,"Польза землетрясений | «Недвижим Крым. / Ни вздоха, / ни чиха…»",Маяковский,1928,poetry
5871.txt,Мрачный юмор | «Веселое? / О Китае? / Мысль не дурна...»,Маяковский,1927,poetry
5872.txt,Ответ | «Что ж! / Напишу и я про то же...»,Маяковский,1927,poetry
5873.txt,Проба | «Какая / нам…»,Маяковский,1928,poetry
5874.txt,«Под ухом / самым / лестница...»,Маяковский,1927,poetry
5875.txt,Радиомитинг | «Товарищи! / На митинг! — / радио кликал…»,Маяковский,1925,poetry
5876.txt,Два соревнования | «Европу / огибаю / железнодорожным туром…»,Маяковский,1929,poetry
5877.txt,"Мексика | «О, как эта жизнь читалась взасос!..»",Маяковский,1925,poetry
5878.txt,Уже! | «Уже голодище / берет в костяные путы…»,Маяковский,1923,poetry
5879.txt,Обед | «Вылетел. / Детишки. / Крикнул: / — Тише!..»,Маяковский,1925,poetry
5880.txt,"Хочу воровать | «Я в «Рабочей», / я в «Газете»…»",Маяковский,1928,poetry
5881.txt,"Проверь, / товарищ, / правильность факта… | «Вот / что пишут рабкоры / про Севкавгоссахзавод…»",Маяковский,1929,poetry
5882.txt,"Стих как бы шофера | «Граждане, / мне / начинает казаться…»",Маяковский,1929,poetry
5883.txt,"Это значит вот что! | «Что значит, / что г-н Керзон…»",Маяковский,1923,poetry
5884.txt,Возьмем винтовки новые | «Возьмем винтовки новые…»,Маяковский,1927,poetry
5885.txt,«Вашу мысль...»,Маяковский,1915,poetry
5886.txt,Взрослое | «У взрослых дела. / В рублях карманы…»,Маяковский,1922,poetry
5887.txt,"Стихотворение о Мясницкой, о бабе и о всероссийском масштабе | «Сапоги почистить — 1 000 000. Состояние!..»",Маяковский,1921,poetry
5888.txt,"Передовая передового | «Довольно / сонной, / расслабленной праздности!..»",Маяковский,1926,poetry
5889.txt,"Даешь автомобиль! | «Мы, пешеходы, / шагаем пылью…»",Маяковский,1928,poetry
5890.txt,Кемп «Нит гедайге» | «Запретить совсем бы / ночи-негодяйке...»,Маяковский,1925,poetry
5891.txt,"Екатеринбург — Свердловск | «Из снегового, / слепящего лоска…»",Маяковский,1928,poetry
5892.txt,Красавицы | «В смокинг вштопорен…»,Маяковский,1929,poetry
5893.txt,Революция | «Разлился по блескам дул и лезвий / рассвет…»,Маяковский,1917,poetry
5894.txt,Вывескам | «Читайте железные книги!..»,Маяковский,1913,poetry
5895.txt,«Жизнь — фонтан. / Открывайте и пейте-ка!»,Маяковский,1928,poetry
5896.txt,"«Ах, зачем это...»",Маяковский,1915,poetry
5897.txt,Нота Китаю | «Чаще и чаще / глаза кидаю…»,Маяковский,1929,poetry
5898.txt,Приказ №3 | «Где еще / — разве что в Туле?..»,Маяковский,1922,poetry
5899.txt,НА УЧЕТ КАЖДАЯ МЕЛОЧИШКА,Маяковский,1924,poetry
5900.txt,"То, что осталось | «Окончилась бойня. / Веселье клокочет…»",Маяковский,1923,poetry
5901.txt,«Двенадцать / квадратных аршин жилья...»,Маяковский,1927,poetry
5902.txt,Мое к этому отношение | «Май ли уже расцвел над городом…»,Маяковский,1915,poetry
5903.txt,Гимн судье | «По Красному морю плывут каторжане…»,Маяковский,1915,poetry
5904.txt,Разговор с фининспектором о поэзии | «Гражданин фининспектор! / Простите за беспокойство…»,Маяковский,1926,poetry
5905.txt,Песня-молния | «За море синеволное...»,Маяковский,1929,poetry
5906.txt,"Я и Наполеон | «Я живу на Большой Пресне, / 36, 24…»",Маяковский,1915,poetry
5907.txt,"Каждый, / думающий о счастье своем, / покупай / немедленно / выигрышный заем! | «Смешно и нелепо…»",Маяковский,1926,poetry
5908.txt,Безыменскому | «Томов гробовых / камень веский...»,Маяковский,1930,poetry
5909.txt,В чем дело? | «Хлеб давайте!» / Хлеба мало…»,Маяковский,1928,poetry
5910.txt,ТАМАРА И ДЕМОН,Маяковский,1924,poetry
5911.txt,Голубой лампас | «Чернеют / небеса — шалаш…»,Маяковский,1928,poetry
5912.txt,2125 год | «Небо горсти сложило / (звезды клянчит)…»,Маяковский,1925,poetry
5913.txt,В.Я. Брюсову на память | «Разбоя след затерян прочно…»,Маяковский,1916,poetry
5914.txt,Мексика — Нью-Йорк | «Бежала / Мексика / от буферов…»,Маяковский,1926,poetry
5915.txt,"Эй! | «Мокрая, будто ее облизали, / толпа…»",Маяковский,1916,poetry
5916.txt,Столп | «Товарищ Попов / чуть-чуть не от плуга…»,Маяковский,1928,poetry
5917.txt,Еще Петербург | «В ушах обрывки теплого бала…»,Маяковский,1914,poetry
5918.txt,Шестой | «Как будто / чудовищный кран…»,Маяковский,1928,poetry
5919.txt,Халтурщик | «Пролетарий / туп жестоко…»,Маяковский,1928,poetry
5920.txt,Готовься! Стой! Строй! | «И Врангель и Колчак / усопли мирно оба...»,Маяковский,1928,poetry
5921.txt,"Шумики, шумы и шумищи | «По эхам города проносят шумы…»",Маяковский,1913,poetry
5922.txt,"Размышления у парадного подъезда | «Трудно / торф добывать / из болот, из луж…»",Маяковский,1928,poetry
5923.txt,"1-е мая | «Свети! / Вовсю, небес солнцеглазье!..»",Маяковский,1923,poetry
5924.txt,"Осторожный марш | «Гляди, товарищ, в оба!..»",Маяковский,1927,poetry
5925.txt,Два опиума | «Вливали / в Россию / цари / вино да молебны…»,Маяковский,1929,poetry
5926.txt,"Сказка о Пете, толстом ребенке, и о Симе, который тонкий | «Жили были / Сима с Петей...»",Маяковский,1925,poetry
5927.txt,Весна | «В газетах / пишут / какие-то дяди...»,Маяковский,1927,poetry
5928.txt,Утро | «Угрюмый дождь скосил глаза...»,Маяковский,1912,poetry
5929.txt,"Марксизм — оружие, / огнестрельный метод. / применяй умеючи / метод этот! | «Штыками / двух столетий стык…»",Маяковский,1926,poetry
5930.txt,Важнейший совет домашней хозяйке | «Домашней хозяйке / товарищу Борщиной…»,Маяковский,1928,poetry
5931.txt,Призыв | «Крылатых / дней / далека дата…»,Маяковский,1925,poetry
5932.txt,"НЕМНОЖКО УТОПИИ / ПРО ТО, КАК ПОЙДЕТ МЕТРОШКА",Маяковский,1925,poetry
5933.txt,"Тип | «По улицам, / посредине садов…»",Маяковский,1926,poetry
5934.txt,Взяточники | «Дверь. На двери — / «Нельзя без доклада»…»,Маяковский,1926,poetry
5935.txt,Мрак | «Склоняются долу солнцеподобные лики их…»,Маяковский,1916,poetry
5936.txt,Будет | «Год какой-то / нолями разнулится…»,Маяковский,1925,poetry
5937.txt,Четырехэтажная халтура | «В центре мира / стоит Гиз…»,Маяковский,1926,poetry
5938.txt,XIV мюд | «Сегодня / в седеющие / усы и бороды…»,Маяковский,1928,poetry
5939.txt,Марш | «Буржуи / лезут в яри...»,Маяковский,1925,poetry
5940.txt,Лучший стих | «Аудитория / сыплет / вопросы колючие...»,Маяковский,1927,poetry
5941.txt,"Привет делегатке | «Идут / от станков, / от земли и от кадок…»",Маяковский,1928,poetry
5942.txt,Разве у вас не чешутся обе лопатки? | «Если / с неба / радуга / свешивается…»,Маяковский,1923,poetry
5943.txt,Победа | «И вдруг... — / не верится! — / будто / кто-то…»,Маяковский,1925,poetry
5944.txt,"Лозунги по КИМу  | «Стекайтесь, / кепки и платки…»",Маяковский,1929,poetry
5945.txt,Адуеву | «Я скандалист! / Я не монах...»,Маяковский,1930,poetry
5946.txt,"Пролетарка, пролетарий, заходите в планетарий | «Войдешь / и слышишь / умный гуд...»",Маяковский,1929,poetry
5947.txt,"Голосуем за непрерывку | «Колокола. / Ни гудка, / ни стука…»",Маяковский,1929,poetry
5948.txt,"Сергею Есенину | «Вы ушли, / как говорится, / в мир в иной...»",Маяковский,1926,poetry
5949.txt,Американские русские | «Петров / Капланом / за пуговицу пойман…»,Маяковский,1925,poetry
5950.txt,Лев Толстой и Ваня Дылдин | «Подмастерье / Ваня Дылдин...»,Маяковский,1926,poetry
5951.txt,Марш двадцати пяти тысяч | «Мы выбили / белых / орлов да ворон…»,Маяковский,1930,poetry
5952.txt,"Товарищи хозяйственники! / Ответьте на вопрос вы — / Что сделано, / чтоб выросли / казанцевы и матросовы? | «Вы / на ерунду / миллионы ухлопываете…»",Маяковский,1928,poetry
5953.txt,Барабанная песня | «Наш отец — завод…»,Маяковский,1923,poetry
5954.txt,БУДЬ ГОТОВ!,Маяковский,1924,poetry
5955.txt,Поэт рабочий | «Орут поэту…»,Маяковский,1918,poetry
5956.txt,Внимательное отношение к взяточникам | «Неужели и о взятках писать поэтам!..»,Маяковский,1915,poetry
5957.txt,Головотяпам | «Стих / не перещеголяет едкий…»,Маяковский,1928,poetry
5958.txt,Игра | «Через час — / дома. / Отдых. / Смена…»,Маяковский,1925,poetry
5959.txt,В авто | «Какая очаровательная ночь!..»,Маяковский,1913,poetry
5960.txt,Испания | «Ты — я думал — / райский сад...»,Маяковский,1925,poetry
5961.txt,Театры | «Рассказ о взлезших на подмосток...»,Маяковский,1913,poetry
5962.txt,Небоскреб в разрезе | «Возьми / разбольшущий / дом в Нью-Йорке…»,Маяковский,1925,poetry
5963.txt,Спаситель | «Вон / от заставы / идет человечек…»,Маяковский,1923,poetry
5964.txt,"Шутка, похожая на правду | «Скушно Пушкину. / Чугунному ропщется…»",Маяковский,1928,poetry
5965.txt,Дуэль | «Раз! / Трубку наводят. / Надежду…»,Маяковский,1923,poetry
5966.txt,Два не совсем обычных случая | «Ежедневно / как вол жуя…»,Маяковский,1921,poetry
5967.txt,"Технике внимание / видать ли? | «Коммуну, / сколько руками ни маши…»",Маяковский,1928,poetry
5968.txt,Гимн критику | «От страсти извозчика и разговорчивой прачки…»,Маяковский,1915,poetry
5969.txt,"Сегодня | «Комната — / это, / конечно, / не роща…»",Маяковский,1925,poetry
5970.txt,Фабрика бюрократов | «Его прислали / для проведенья режима…»,Маяковский,1926,poetry
5971.txt,Эта книжечка моя про моря и про маяк | «Разрезая носом воды...»,Маяковский,1926,poetry
5972.txt,"Небесный чердак | «Мы пролетали, / мы миновали…»",Маяковский,1928,poetry
5973.txt,"Слушай, наводчик! | «Читаю... / Но буквы / казались...»",Маяковский,1927,poetry
5974.txt,Московский Китай | «Чжан Цзо-лин / да У Пей-фу / да Суй да Фуй…»,Маяковский,1926,poetry
5975.txt,"России | «Вот иду я, / заморский страус…»",Маяковский,1916,poetry
5976.txt,Кое-что по поводу дирижера | «В ресторане было от электричества рыжо…»,Маяковский,1915,poetry
5977.txt,"Крестьянин, — помни о 17-м апреля! | «Об этом весть / до старости древней…»",Маяковский,1923,poetry
5978.txt,«Любит? не любит? Я руки ломаю...»,Маяковский,1930,poetry
5979.txt,«Портсигар в траву / ушел на треть...»,Маяковский,1920,poetry
5980.txt,"Когда мы побеждали голодное лихо,что делал патриарх Тихон? | «Тихон патриарх,/ прикрывши пузо рясой…»",Маяковский,1923,poetry
5981.txt,"Я счастлив! | «Граждане, / у меня / огромная радость…»",Маяковский,1929,poetry
5982.txt,«Комсомольская Правда» | «Комсомольцев — / два миллиона. / А тираж?..»,Маяковский,1927,poetry
5983.txt,"Любовь | «Может, / может быть, / когда-нибудь / дорожкой зоологических аллей...»",Маяковский,1923,poetry
5984.txt,«Душу / пуншем / и шуткой греючи...»,Маяковский,1928,poetry
5985.txt,"Костоломы и мясники | «В газетах барабаньте, / в стихах растрезвоньте…»",Маяковский,1928,poetry
5986.txt,Авиадни | «Эти дни / пропеллеры пели…»,Маяковский,1923,poetry
5987.txt,Монте-Карло | «Мир / в тишине / с головы до пят…»,Маяковский,1929,poetry
5988.txt,ХУЛИГАНЩИНА,Маяковский,1924,poetry
5989.txt,"Искусственные люди | «Этими — / и добрыми, / и кобры лютей…»",Маяковский,1926,poetry
5990.txt,"Анчар | «Кто мчится, / кто скачет, / кто лазит и носится…»",Маяковский,1929,poetry
5991.txt,"«Нетрудно, ландышами дыша...»",Маяковский,1917,poetry
5992.txt,Блек энд уайт | «Если / Гавану / окинуть мигом…»,Маяковский,1925,poetry
5993.txt,Зевс-опровержец | «Не первый стих / и все про то же…»,Маяковский,1928,poetry
5994.txt,"Кто он? | «Кто мчится, / кто скачет / такой молодой…»",Маяковский,1928,poetry
5995.txt,"Заграничная штучка | «Париж, / как сковородку желток…»",Маяковский,1929,poetry
5996.txt,"А все-таки | «Улица провалилась, как нос сифилитика…»",Маяковский,1914,poetry
5997.txt,Точеные слоны | «Огромные / зеленеют столы…»,Маяковский,1928,poetry
5998.txt,"В повестку дня | «Ставка на вас, / комсомольцы товарищи…»",Маяковский,1926,poetry
5999.txt,Нате! | «Через час отсюда в чистый переулок…»,Маяковский,1913,poetry
6000.txt,"Вредитель | «Прислушайтесь, / на заводы придите…»",Маяковский,1928,poetry
6001.txt,Универсальный ответ | «Мне / надоели ноты…»,Маяковский,1923,poetry
6002.txt,Который из них? | «Товарищами / были они…»,Маяковский,1929,poetry
6003.txt,Писатели мы | «Раньше / уважали / исключительно гениев…»,Маяковский,1928,poetry
6004.txt,Бессмысленные просьбы | «Мои свои?! / Д-а-а-а — / это особы…»,Маяковский,1923,poetry
6005.txt,"Птичка божия | «Он вошел, / склонясь учтиво...»",Маяковский,1929,poetry
6006.txt,«А может быть...»,Маяковский,1916,poetry
6007.txt,"Товарищи, поспорьте / О красном спорте! | «Подымая / гири / и гантели...»",Маяковский,1928,poetry
6008.txt,"Подводный комсомолец | «Готовь, / рабочий молодой...»",Маяковский,1930,poetry
6009.txt,Октябрьский марш | «В мире / яснейте / рабочие лица…»,Маяковский,1929,poetry
6010.txt,"Несколько слов обо мне самом | «Я люблю смотреть, как умирают дети…»",Маяковский,1913,poetry
6011.txt,Потрясающие факты | «Небывалей не было у истории в аннале…»,Маяковский,1919,poetry
6012.txt,"Нордерней | «Дыра дырой, / ни хорошая, ни дрянная…»",Маяковский,1923,poetry
6013.txt,Тучкины штучки | «Плыли по небу тучки…»,Маяковский,1918,poetry
6014.txt,Той стороне | «Мы / не вопль гениальничанья — / «все дозволено»…»,Маяковский,1918,poetry
6015.txt,Итоги | «Были / дни Рождества…»,Маяковский,1929,poetry
6016.txt,Необычайное | «Стихает бас в комариные трельки…»,Маяковский,1923,poetry
6017.txt,«И вот...»,Маяковский,1916,poetry
6018.txt,Гандурину | «Подмяв моих комедий глыбы...»,Маяковский,1930,poetry
6019.txt,"Теплое слово кое-каким порокам | «Ты, который трудишься, сапоги ли чистишь…»",Маяковский,1915,poetry
6020.txt,"«Я / земной шар / чуть не весь / обошел, —...»",Маяковский,1927,poetry
